molecule,label
COCCN(C)CCCCOc1ccn(-c2ccc(Cl)c(Cl)c2)n1,-0.9138138523837168
Cc1ncc2nccn2c1-c1ccc(Oc2nccc3occc23)cc1C(F)(F)F,-3.903089986991944
FC(F)(F)c1cc(Oc2nccc3ccsc23)ccc1-c1cccc2nccn12,-3.9444826721501687
FC(F)(F)c1cc(Oc2nccc3occc23)ccc1-c1cccc2nccn12,-3.838849090737255
CCCCCCCCCCCCCN1CC(C)OC(C)C1,1.3979400086720375
Cc1cc(Oc2nccc3occc23)ccc1-c1c(C)ncc2nccn12,-3.9138138523837167
CCN(CC)CCCCOc1cc(C)n(-c2ccc(Cl)c(Cl)c2)n1,-1.0681858617461617
CCN(CC)CCCCOc1ccn(-c2ccc(Cl)c(Cl)c2)n1,-1.235528446907549
CCN(CC)CCOc1cc(C)n(-c2ccc(Cl)c(Cl)c2)n1,-0.99563519459755
Cc1cc(OCCCCn2ccnc2)nn1-c1ccc(Cl)c(Cl)c1,-2.931457870689005
Cc1cc(OCCn2ccnc2)nn1-c1ccc(Cl)c(Cl)c1,-2.4683473304121573
Clc1ccc(COC(Cn2ccnc2)c2ccc(Cl)cc2Cl)cc1,-3.948021533141104
CCCOc1ccc(C(=O)OCCN(CC)CC)cc1N,-2.0
CC(CN(C)CCc1ccc(Cl)c(Cl)c1)N(C)C,-0.1643528557844371
CCN(CC)CCN(C)CCc1ccc(Cl)c(Cl)c1,0.1366771398795441
FC(F)(F)c1cccc(-c2ccc(CNCc3cccnc3)o2)c1,-2.281033367247728
CN(C)CCN(C)CCc1ccc(Cl)c(Cl)c1,-0.1003705451175629
CNCCN(C)CCc1ccc(Cl)c(Cl)c1,-0.761927838420529
CCN(CC)CCOc1ccc(C(O)(Cc2ccc(Cl)cc2)c2ccc(C)cc2)cc1,-0.9030899869919436
O=S(=O)(CCN1CCOCC1)OCCOc1ccn(-c2ccc(Cl)c(Cl)c2)n1,-2.943988875073772
COc1cc2c(cc1OC)CN(CCCCNC(=O)c1cc(Br)cc(OC)c1OC)CC2,-4.110589710299249
CN(C)CCNCCc1ccc(Cl)c(Cl)c1,-1.3049211619008918
CCN(CC)CCNS(=O)(=O)c1ccc(Br)cc1,-1.0043213737826426
CC(C)N1CCN(c2ccc(OCC3COC(Cn4cncn4)(c4ccc(Cl)cc4Cl)O3)cc2)CC1,-2.330413773349191
Cn1c(=O)sc2cc(CCCCN3CCN(Cc4ccc(Cl)cc4Cl)CC3)ccc21,-0.9542425094393248
CCN(CC)CCCC(C)Nc1ccnc2cc(Cl)ccc12,-1.899984562549391
C=CCN(CC=C)CCc1c[nH]c2ccc(OC)cc12,-2.4800069429571505
NCCNCCNCCc1ccc(Cl)c(Cl)c1,-2.385606273598312
CCC(=C(CC)c1ccc(OCCN(CC)CC)cc1)c1ccc(OCCN(CC)CC)cc1,-0.4771212547196624
CCN(CCc1ccc(O)c(OC)c1)Cc1cccc(O)c1OC,-2.544068044350276
C=CCN(CC=C)CCc1c[nH]c2ccc(F)cc12,-1.9299805905155147
C=CCN(CC=C)CCc1c[nH]c2ccc(Br)cc12,-2.0100029741270595
C=CCN(CC=C)CCc1c[nH]c2ccc(Cl)cc12,-1.989983458301399
C=CCN(CC=C)CCc1c[nH]c2ccc(C)cc12,-1.8699940001217417
CCCNC1CCc2nc(N)sc2C1,-3.647969458362972
Cc1nccc2c1C(C)(C)Nc1cc(Br)ccc1-2,-2.7481880270062
COCCCCC(=NOCCN)c1ccc(C(F)(F)F)cc1,-1.5563025007672873
CN(C)CCCC1(c2ccc(F)cc2)OCc2cc(C#N)ccc21,-2.222716471147584
CCCN(CCN1CCOCC1)c1cn(-c2ccc(Cl)c(Cl)c2)nn1,-2.6541765418779604
COc1cc2c(cc1OC)CN(CCNC(=O)c1cc(Br)cc(OC)c1OC)CC2,-3.4671639659690903
CC1CN(CCCCOc2ccn(-c3ccc(Cl)c(Cl)c3)n2)CC(C)O1,-1.1702617153949575
CC1CN(CCCN(c2ccc(F)cc2)c2ccc(F)cc2)CC(C)N1CCc1ccc(Cl)c(Cl)c1,-1.5118833609788744
Cn1c(=O)sc2cc(CCN3CCN(Cc4ccc(Cl)cc4Cl)CC3)ccc21,-0.9030899869919436
Cc1cc(OCCCCN2CCOCC2)nn1-c1ccc(Cl)c(Cl)c1,-1.1238516409670858
Cc1cc(OCCCN2CCOCC2)nn1-c1ccc(Cl)c(Cl)c1,-1.276461804173244
COc1cc(CCN(C)Cc2cccc(O)c2OC)ccc1O,-2.0863598306747484
NCCCNC(=O)c1ccc(-c2cc(C(=O)O)cc(-c3cn(-c4ccc(C(F)(F)F)cc4)nn3)c2)cc1,-3.0453229787866576
CCN(CCN1CCOCC1)c1cn(-c2ccc(Cl)c(Cl)c2)nn1,-2.3344537511509307
COc1ccc(C(=O)NCCCCN2CCc3ccc([N+](=O)[O-])cc3C2)c(OC)c1OC,-4.013679697291193
Cc1cc(OCCN2CCOCC2)nn1-c1ccc(Cl)c(Cl)c1,-1.0334237554869496
Clc1ccc(-n2ccc(OCCCCN3CCSCC3)n2)cc1Cl,-1.0086001717619175
Cn1c(=O)sc2cc(CCN3CCN(Cc4ccc(Cl)c(Cl)c4)CC3)ccc21,-0.6989700043360189
Clc1ccc(-n2ccc(OCCCCN3CCOCC3)n2)cc1Cl,-1.24551266781415
Cc1cc(OCCCCN2CCN(C)CC2)nn1-c1ccc(Cl)c(Cl)c1,-0.99563519459755
Cc1cc(SCCN2CCOCC2)nn1-c1ccc(Cl)c(Cl)c1,-1.1522883443830565
Clc1ccc(-n2ccc(OCCCN3CCOCC3)n2)cc1Cl,-1.2068258760318498
Cc1cc(OCCCN2CCN(C)CC2)nn1-c1ccc(Cl)c(Cl)c1,-1.1238516409670858
COc1ccc(C2=CCN(CCCCc3ccncc3)CC2)cc1,0.3467874862246563
Cc1cc(OCCN2CCN(C)CC2)nn1-c1ccc(Cl)c(Cl)c1,-1.0453229787866574
Clc1ccc(-n2ccc(OCCN3CCOCC3)n2)cc1Cl,-0.9138138523837168
CN1CCN(CCCOc2ccn(-c3ccc(Cl)c(Cl)c3)n2)CC1,-1.2174839442139065
CCC1c2cc(OC)ccc2OCC1(C)N,-2.60000308662774
Clc1ccc(-n2ccc(NCCN3CCOCC3)n2)cc1Cl,-1.5932860670204572
CCCNC(=S)N(CCN1CCOCC1)c1cn(-c2ccc(Cl)c(Cl)c2)nn1,-2.3820170425748683
Clc1ccc(-n2ccc(OCCN3CCOCC3)n2)cc1,-1.250420002308894
Clc1ccc(C2=CCN(CCCCc3ccncc3)CC2)cc1,-0.0170333392987803
OC(COc1ccn(-c2ccc(Cl)c(Cl)c2)n1)CN1CCOCC1,-2.1072099696478683
Fc1ccc(C2=CCN(CCCCc3ccncc3)CC2)cc1,-0.2430380486862944
CCN(CCO)CCCC(C)Nc1ccnc2cc(Cl)ccc12,-2.099991233544684
CN1CCN(CC(O)COc2ccn(-c3ccc(Cl)c(Cl)c3)n2)CC1,-2.367355921026019
Cc1ccc(C2=CCN(CCCCc3ccncc3)CC2)cc1,-0.7678976160180907
COc1ccc(CN(CCN(C)C)c2ccccn2)cc1,-2.816241299991783
CCC1c2cc(C)ccc2OCC1(C)N,-3.0
COc1cc2c(cc1OC)CN(CCCCNC(=O)c1cc(I)cc(OC)c1OCC[18F])CC2,-3.3324384599156054
CC(C)c1cc(OCCN2CCOCC2)nn1-c1ccc(Cl)c(Cl)c1,-2.2355284469075487
CCCCCCCCNC(C)C(O)c1ccc(SC(C)C)cc1,-1.69284691927723
NC(=O)c1ccc(-c2cc(C(=O)O)cc(-c3cn(-c4ccc(C(F)(F)F)cc4)nn3)c2)cc1,-2.6989700043360187
Fc1ccc(SCCCN2CCCN(c3ccc(Cl)cn3)CC2)cc1,-0.8586574840908077
O=C1C(CCN2CCCN(c3ccc(Cl)cc3)CC2)=Cc2cc(F)ccc21,-1.8910354153153108
CC(Cc1ccc(C(C)(C)C)cc1)CN1CC(C)OC(C)C1,1.3467874862246565
Clc1ccc(-n2cc(NCCCN3CCOCC3)nn2)cc1Cl,-2.287801729930226
Cc1c(OCCN2CCOCC2)nn(-c2ccc(Cl)c(Cl)c2)c1C,-0.9731278535996988
Clc1ccc(-n2cc(NCCN3CCOCC3)nn2)cc1Cl,-1.662757831681574
CCCCC(=O)c1ccc2c(c1)sc(=O)n2CCN(C)C,-2.797959643737196
FCCCCCN1CCN(CCc2ccc(Cl)c(Cl)c2)CC1,0.1611509092627447
CC1CN(CCCCc2ccc3c(c2)sc(=O)n3C)CC(C)N1,-2.0
CC(=O)N(CCN1CCOCC1)c1cn(Cc2ccc(Cl)c(Cl)c2)nn1,-2.661812685537261
CC(=O)N(CCN1CCOCC1)c1cn(-c2ccc(Cl)c(Cl)c2)nn1,-2.588831725594208
CC1CN(CCc2ccc3c(c2)sc(=O)n3C)CC(C)N1,-3.3010299956639813
Fc1ccc(CCCCN2CCN(c3ccc(Cl)cn3)CC2)cc1,-1.978864984347657
FCCCN(CCc1ccc(Cl)c(Cl)c1)CCN1CCCC1,-0.6669857183296606
Fc1ccc(CCCCN2CCCN(c3ccc(Cl)cc3)CC2)cc1,-0.5581683658698962
O=C1c2ccc(F)cc2CC1CCN1CCCN(c2ccc(Cl)cc2)CC1,-1.7996850909091004
CCCN(CCC)CCc1ccc(OC)c(OCCc2ccccc2)c1,-0.0
CN(CCCCOc1ccn(-c2ccc(Cl)c(Cl)c2)n1)Cc1ccccc1,-1.380211241711606
NCCN(CCc1ccc(Cl)c(Cl)c1)CCN1CCCC1,-1.60959440922522
CN(CCc1cc(Cl)c(Cl)cc1I)CCN1CCCC1,0.0530567293021745
Fc1cccc(CCNC23OC4C5C6CC(C7C6C4C72)C53)c1,-2.173186268412274
CCC(=O)c1ccc2c(c1)sc(=O)n2C(=O)CC,-1.7993405494535817
Cc1cc(OCCN2CCOCC2)nn1-c1ccc(Cl)cc1Cl,-1.6434526764861874
Cc1cc(OCCCCN2CCCCC2)nn1-c1ccc(Cl)c(Cl)c1,-0.8512583487190752
CN(CCCn1c(=O)oc2ccc(Cl)cc21)Cc1ccccc1,-0.8061799739838872
CN(CCCn1c(=O)sc2ccc(Cl)cc21)Cc1ccccc1,-0.6720978579357175
O=C1C(CCN2CCCN(c3ccc(Cl)cc3)CC2)=Cc2cc(Cl)ccc21,-0.6951312977040259
O=C1c2ccc(F)cc2CC1CCN1CCCN(c2ccc(Cl)cn2)CC1,-1.207095540419218
Cc1cc(OCCCCN2CCCC2)nn1-c1ccc(Cl)c(Cl)c1,-0.8388490907372553
Fc1cccc(CNC23OC4C5C6CC(C7C6C4C72)C53)c1,-3.357934847000454
CC1CN(CCCN(c2ccc(F)cc2)c2ccc(F)cc2)CC(C)N1,-2.093421685162235
Cc1cc(OCCN2CCCCC2)nn1-c1ccc(Cl)c(Cl)c1,-0.7403626894942439
Cc1cc(OCCN2CCCCCC2)nn1-c1ccc(Cl)c(Cl)c1,-0.9731278535996988
Cc1cc(OCCCN2CCCC2)nn1-c1ccc(Cl)c(Cl)c1,-1.0170333392987805
Cc1[nH]c2cc(C(F)(F)F)ccc2c(=O)c1CN(C)Cc1ccccc1,-1.9493900066449128
Fc1ccc(CCCCN2CCN(c3ccc(Cl)cc3)CC2)cc1,-1.5563025007672873
O=C1c2ccc(Cl)cc2CC1CCN1CCCN(c2ccc(Cl)cc2)CC1,-1.4124605474299614
C1=C(c2cccs2)CCN(CCCCc2ccncc2)C1,-0.3283796034387377
Cc1cc(OCCN2CCCC2)nn1-c1ccc(Cl)c(Cl)c1,-0.7160033436347992
Clc1ccc(-n2ccc(OCCCN3CCCCC3)n2)cc1Cl,-0.9822712330395684
CCCCCN1CCN(CCc2ccc(Cl)c(Cl)c2)CC1,-0.2304489213782739
O=C1COc2cc(CN3CCN(c4ccc(Cl)cc4)CC3)ccc2N1,-2.3654879848909
CCCCCCCCCCCCC(C#N)(CCCN(C)CCc1ccccc1)c1ccccc1,-0.0
CCOC(=O)N1CCN(CCOc2cc(C)n(-c3ccc(Cl)c(Cl)c3)n2)CC1,-1.6434526764861874
Fc1ccc(OCCCN2CCCN(c3ccc(Cl)cc3)CC2)cc1,-0.4611982886224932
CC(=O)c1c(OCCN2CCOCC2)nn(-c2ccc(Cl)c(Cl)c2)c1C,-2.869818207979328
Clc1ccc(-n2ccc(OCCN3CCCCCC3)n2)cc1Cl,-0.9493900066449128
CCCCN(CCc1ccc(Cl)c(Cl)c1)CCN1CCCC1,-1.0681858617461617
Clc1ccc(-n2ccc(OCCN3CCCCC3)n2)cc1Cl,-1.2227164711475833
CCCCN1CCN(CCc2ccc(Cl)c(Cl)c2)CC1,0.2596373105057561
FCCCN1CCN(CCc2ccc(Cl)c(Cl)c2)CC1,-0.3645509953539719
Clc1ccc(CCN2CCN(CCCI)CC2)cc1Cl,-0.0986437258170569
CC(C)(C)c1ccc(CCCN2CCOCC2)cc1,-0.414973347970818
CN(C)CCC=C1c2ccccc2COc2ccccc21,-2.423245873936808
Clc1ccc(-n2ccc(OCCN3CCCC3)n2)cc1Cl,-1.1958996524092338
CN(CCCCN1CCCC1)CCCN(C)CCc1ccc(Cl)c(Cl)c1,-2.1072099696478683
C=CCN(CCc1ccc(Cl)c(Cl)c1)CCN1CCCC1,-0.143014800254095
CC(=O)N1CCN(CCNc2cn(-c3ccc(Cl)c(Cl)c3)nn2)CC1,-2.439332693830263
CCCn1nc(C(=O)N(C)C)c2c1CCC(NCCc1ccc3c(c1)OCO3)C2,-2.7000023971422538
O=C1c2ccc(Cl)cc2CC1CCN1CCN(c2ccc(Cl)cc2)CC1,-1.3210803646972382
ON=C(CCCN1CCCN(c2ccc(Cl)cc2)CC1)c1ccc(F)cc1,-0.7088031829445816
CCCN(CCc1ccc(Cl)c(Cl)c1)CCN1CCCC1,-0.1303337684950061
CN(CCCN1CCCC1)CCN(C)Cc1ccc(Cl)c(Cl)c1,-1.4756711883244296
CN(CCCN(C)CCc1ccc(Cl)c(Cl)c1)CCCN1CCCC1,-1.8893017025063104
CN(CCCCN(C)CCc1ccc(Cl)c(Cl)c1)CCCCN1CCCC1,-3.0499928569201424
CN(CCCN(C)Cc1ccc(Cl)c(Cl)c1)CCN1CCCC1,-0.9030899869919436
CCCCCc1ccc2c(c1)C1OCCCC1C(C(CC)CC)N2,-2.6127838567197355
Clc1ccc(Cn2cc(NCCN3CCCCCC3)nn2)cc1Cl,-0.9542425094393248
CC(C)(C)NCC(O)COc1cccc2c1CCCC2=O,-2.5118833609788744
Clc1ccc(Cn2cc(NCCN3CCCCC3)nn2)cc1Cl,-1.0
CC(C)CCOc1ccc2c(c1)C1OCCCC1C(C1CCOCC1)N2,-1.4771212547196624
CCN(CCc1ccc(Cl)c(Cl)c1)CCN1CCCC1,0.2924298239020636
CN(CCCN1CCCC1)CCc1ccc(Cl)c(Cl)c1,-0.2455126678141498
CCOc1cc(N)c(Cl)cc1C(=O)NCC1CN(Cc2ccc(F)cc2)CCO1,-2.1085650237328344
CCCn1nc(C(=O)N(C)C)c2c1CCC(NCCc1ccc(C(F)(F)F)cc1)C2,-3.40000061697638
CCN1CCN(CCc2ccc(Cl)c(Cl)c2)CC1,-0.2041199826559248
Clc1ccc(CCN2CCOCC2)cc1Cl,-0.7993405494535817
O[S+](CCCN1CCN(c2ccc(Cl)cc2)CC1)c1ccc(F)cc1,-3.059970260032517
CN(CCCn1c(=O)oc2cc(Br)ccc21)Cc1ccccc1,0.0457574905606751
CN(CCCn1c(=O)sc2ccc(Br)cc21)Cc1ccccc1,-0.4913616938342727
CCCN1CCN(CCc2ccc(Cl)c(Cl)c2)CC1,0.1220530483708117
Clc1ccc(CCNCCNCCN2CCCC2)cc1Cl,-1.7323937598229686
CN(CCCn1c(=O)oc2ccc(Br)cc21)Cc1ccccc1,-0.0791812460476248
CN(CCCn1c(=O)sc2cc(Br)ccc21)Cc1ccccc1,0.2218487496163563
Clc1ccc(-n2ccc(OCCOCCN3CCCCC3)n2)cc1Cl,-1.5658478186735176
Clc1ccc(-n2cc(NCCN3CCCCC3)nn2)cc1Cl,-0.6989700043360189
CCNC(C)Cc1cccc(C(F)(F)F)c1,-2.3364597338485296
Clc1ccc(CCNCCN2CCCC2)cc1Cl,-0.0453229787866574
Cc1nn(-c2ccccc2Cl)c(Cl)c1CNCc1cc(F)cc(F)c1,-2.214843848047698
CN(CCc1ccc([N+](=O)[O-])cc1)CCN1CCCC1,-0.6334684555795865
O=C(CCCN1CCN(c2ccc(Cl)cn2)CC1)c1ccc(F)cc1,-1.3940136631573128
Cc1nc2n(c(=O)c1CCN1CCC(c3noc4cc(F)ccc34)CC1)CCCC2,-3.633468455579586
CN(CCCNS(=O)(=O)c1ccc(Cl)cc1)Cc1ccccc1,-0.7634279935629373
CN(CCc1ccc(Cl)c(Cl)c1)CCN(C)CCN1CCCC1,-1.1398790864012365
CCCCCc1ccc2c(c1)C1OCCCC1C(C1CCOCC1)N2,-1.8260748027008264
O=C(CCCN1CCCN(c2ccc(Cl)cc2)CC1)c1ccc(F)cc1,-1.375114684692225
CN(CCN(C)Cc1ccc(Cl)c(Cl)c1)CCN1CCCC1,-0.173186268412274
CCCCNc1ccc(C(=O)OCCN(C)C)cc1,-2.846955325019824
CN(CCc1ccc(Cl)c(Cl)c1)CCN1CCCCCC1,0.7695510786217261
CN(Cc1cc(Br)cc(Br)c1N)C1CCCCC1,-1.3979400086720375
CN(CCc1ccc(Cl)c(Cl)c1)CCN1CCCCC1,0.585026652029182
Clc1cc2c(cc1Cl)CN(CCN1CCCC1)CC2,-0.1271047983648076
COc1cc2c(cc1OC)CN(CCCCNC(=O)c1cc(C)ccc1OC)CC2,-3.48826861549546
N=C(N)N(CCCCCCN1CCCC1)Cc1ccc(Cl)cc1,-2.7099988280251885
N=C(N)N(CCCCCCCN1CCCC1)Cc1ccc(Cl)cc1,-2.4100007125434617
Cc1cc(OCCNC2CCCCC2)nn1-c1ccc(Cl)c(Cl)c1,-0.9294189257142929
N=C(N)N(CCCCCN1CCCC1)Cc1ccc(Cl)cc1,-2.4599952560473914
N=C(N)N(CCCCCCCCN1CCCC1)Cc1ccc(Cl)cc1,-2.6600017201028834
CN(CCc1ccc(Cl)c(Cl)c1)C1CN2CCC1CC2,-1.9030899869919435
O=c1sc2cc(Br)ccc2n1CCCN1Cc2ccccc2C1,-0.7558748556724915
CN(CCc1ccc(Cl)c(Cl)c1)CCN1CCCC1,-0.1559430179718367
C1=C(c2ccccn2)CCN(CCCCc2ccncc2)C1,-1.6483600109809315
COc1ccc(N2CC(CN3CC=C(c4ccc5c(c4)OCO5)CC3)OC2=O)cc1,-2.230448921378274
COc1cc2c(cc1OC)CN(CCNC(=O)c1cc(Br)ccc1OC)CC2,-3.739097446117475
CCCn1nc(C(=O)N(C)C)c2c1CCC(NCc1ccc(F)cc1)C2,-3.1999991251967965
Clc1ccc(CCNCC2(N3CCCCC3)CCCCC2)cc1Cl,-1.212187604403958
N=C(N)N(CCCCN1CCCC1)Cc1ccc(Cl)cc1,-2.880001388321769
CN(CCN1CCCC1)Cc1ccc(Cl)c(Cl)c1,0.4202164033831898
Clc1ccc(CCNC2CN3CCC2CC3)cc1Cl,-2.783188691075257
CN(CCc1ccc(Cl)cc1)CCN1CCCC1,-0.2866809693549302
Clc1ccc(CCN2CCN(CCc3ccc(Cl)c(Cl)c3)CC2)cc1Cl,-0.2304489213782739
O=C(CCCN1CCCN(c2ccc(Cl)cn2)CC1)c1ccc(F)cc1,-1.4785664955938431
CN1CCCN(CCc2ccc(Cl)c(Cl)c2)CC1,-2.2405492482825995
COc1cc2c(cc1OC)CN(CCNC(=O)c1cc(C)ccc1OC)CC2,-4.017283821560018
CN(CCCN1C(=O)CSc2ccc(Br)cc21)Cc1ccccc1,-0.3424226808222063
CC1CN(CCCn2c3ccc(Br)cc3c3cc(Br)ccc32)CC(C)N1,-3.645422269349092
O=c1sc2ccccc2n1CCCN1Cc2ccccc2C1,-1.481442628502305
CC(C)CCOc1ccc2c(c1)C1OCCCC1C(C1CCCC1)N2,-2.093421685162235
CCCC(C(=O)NCc1ccccc1)N1C(=O)C(CCCCCN)N(Cc2ccccc2)C1=O,-3.3832766504076504
CCCCN1CCN(Cc2ccc(OC)cc2)C(CCO)C1,-2.6910814921229687
CCCC(C(=O)OCCN(CC)CC)(c1ccccc1)c1ccccc1,-1.230448921378274
CN(CCCn1c(=O)sc2ccccc21)Cc1ccccc1,-1.0128372247051722
CN(CCc1ccc(N)cc1)CCN1CCCC1,-2.4409090820652177
CCC1CC2CC3C4Nc5ccc(OC)cc5C4CCN(C2)C13,-3.932169245920792
C#CCN(C)Cc1cc2cc(OCCCN3CCCCC3)ccc2n1C,-1.81424759573192
Clc1cccc(Oc2ccc3c(c2)C2OCCCC2C(C2CCCCC2)N3)c1,-2.576341350205793
CC(C)CCOc1ccc2c(c1)C1OCCC1C(C1CCCCC1)N2,-2.03342375548695
Cc1cc(OCCN2CCOCC2)nn1-c1cccc(Cl)c1,-2.255272505103306
CCN(CC)CCOC(=O)C1(C2CCCCC2)CCCCC1,-0.312811826212088
CN(CCCNCc1ccc(Cl)cc1)Cc1ccccc1,-0.4623979978989561
Clc1ccc(Oc2ccc3c(c2)C2OCCCC2C(C2CCCCC2)N3)cc1Cl,-1.8976270912904407
CCCC(C(=O)NCc1ccccc1)N1C(=O)C(CCCN)N(Cc2ccccc2)C1=O,-2.638489256954637
CN(C)CCCN1c2ccccc2Sc2ccc(Cl)cc21,-2.2764618041732443
COc1ccc(CCN(C)CCN2CCCC2)cc1,-1.481442628502305
CCC(C)C(C(=O)NCc1ccccc1)N1C(=O)C(CCCCCN)N(Cc2ccccc2)C1=O,-3.66417170536193
COc1cccc(C(=O)NCCCN(C)Cc2ccccc2)c1,-1.6020599913279625
CCCCOc1ccc2c(c1)C1OCCCC1C(C1CCCCC1)N2,-2.250420002308894
CN(CCCNC(=O)c1cccc(Cl)c1)Cc1ccccc1,-1.0
CN(CCCNC(=O)c1ccc(Cl)c(Cl)c1)Cc1ccccc1,-0.041392685158225
C=CCN(CC=C)CCc1c[nH]c2ccccc12,-2.0
CC(Cc1ccccc1)N(CCCc1ccccc1)Cc1ccccc1,-2.113943352306837
CC(Cc1ccccc1)N(C)CCCCCc1ccccc1,-0.414973347970818
CN(CCCNC(=O)c1cccc(Br)c1)Cc1ccccc1,-0.5910646070264992
CN(CCCNC(=O)c1ccc(C#N)cc1)Cc1ccccc1,-1.380211241711606
CN(CCCNC(=O)c1cccc(N(C)C)c1)Cc1ccccc1,-0.2787536009528289
CN(CCCNC(=O)c1cccc(Cl)c1Cl)Cc1ccccc1,-1.0
CC(CCc1ccc(O)cc1)NCCc1ccc(O)c(O)c1,-3.024485667699167
Clc1ccc(-n2ccc(NCCN3CCCCC3)n2)cc1Cl,-0.9890046156985368
O=C(CCCN1CCC(O)(c2ccc(Cl)cc2)CC1)c1ccc(F)cc1,-0.7295473354161784
CCCCCCCOc1ccccc1NC(=O)OC(C)CN(CC)CC,-2.361727836017593
CCCN(C)CCCCCc1ccccc1,0.5376020021010439
COc1cc(N)c(Cl)cc1C(=O)NC1CCN(CCCOc2ccc(F)cc2)CC1OC,-2.621176281775035
Clc1ccc(Oc2ccc3c(c2)C2OCCCC2C(C2CCCCC2)N3)cc1,-2.287801729930226
CCCCCc1ccc2c(c1)C1OCCC1C(C1CCCCC1)N2,-2.3891660843645326
Cc1nn(CCO)cc1CN(C)Cc1csc(-c2ccccc2)n1,-2.103803720955957
COc1cc2c(cc1OC)CN(CCCCNC(=O)c1cc(Br)c3ccccc3c1OC)CC2,-3.064083435963596
COc1ccc(C(=O)NCCCN(C)Cc2ccccc2)cc1,-1.568201724066995
CCCc1ccc2c(c1)sc(=O)n2CCN1CCCCC1,0.2218487496163563
CN(CCCNC(=O)c1ccc(C(F)(F)F)cc1)Cc1ccccc1,-0.146128035678238
Clc1ccc(Oc2ccc3c(c2)C2OCCC2C(C2CCCCC2)N3)cc1,-2.4800069429571505
CCC(C)C(C(=O)NCc1ccccc1)N1C(=O)C(CCCN)N(Cc2ccccc2)C1=O,-2.52244423350632
CCN(CC)CCOc1cc(C)n(-c2ccc3ccccc3c2)n1,-1.6720978579357175
CN(CCc1ccc(F)cc1)CCN1CCCC1,-0.7781512503836436
O=c1c(CO)coc2cc(OCCCN3CCC(c4noc5cc(F)ccc45)CC3)ccc12,-2.690196080028514
O=S(=O)(NCCN1CCCC1)c1ccc(Br)cc1,-0.8228216453031046
CN(CCc1ccc(Br)cc1)CCN1CCCC1,-0.4623979978989561
O=C1CC2(CCCC2)CC(=O)N1CCCCN1CCN(c2ncccn2)CC1,-2.326335860928752
CN(CCCNC(=O)c1ccc([N+](=O)[O-])cc1)Cc1ccccc1,-0.6334684555795865
CN(CCCCCc1ccccc1)Cc1ccccc1,0.721246399047171
CN(CCCNC(=O)c1ccc(Br)cc1F)Cc1ccccc1,-0.4623979978989561
CN(CCCC=C(c1ccccc1)c1ccccc1)CCc1ccccc1,0.0506099933550872
CC(Cc1ccccc1)N(C)CCCc1ccccc1,-0.1139433523068367
CN(CCCNC(=O)c1cc(Cl)cc(Cl)c1)Cc1ccccc1,-1.3617278360175928
CN(CCCNC(=O)c1ccc(C(C)(C)C)cc1)Cc1ccccc1,-0.2041199826559248
CN(CCNC(=O)c1ccc(C#N)cc1)Cc1ccccc1,-0.0791812460476248
CN(CCCCNC(=O)c1ccc(Cl)cc1)Cc1ccccc1,-0.2304489213782739
CN(C)CCn1c(=O)oc2cc(C(=O)c3ccccc3)ccc21,-2.562292864456474
CCCCc1ccc(C(=O)NCCCN(C)Cc2ccccc2)cc1,-0.8633228601204559
Cc1cc(OCCN2CCC(n3cnc4cccnc43)CC2)nn1-c1ccc(Cl)c(Cl)c1,-1.2041199826559248
CN(CCCCCc1ccccc1)CCc1ccccc1,0.6020599913279624
CN(CCCNC(=O)c1ccc(Cl)cc1)Cc1ccccc1,-0.505149978319906
CCCC(Cc1ccccc1)[N+](C)(C)CCCc1ccccc1,-2.525044807036845
CN(CCCNC(=O)c1ccccc1Cl)Cc1ccccc1,-1.6720978579357175
CN(CCNC(=O)c1ccc([N+](=O)[O-])cc1)Cc1ccccc1,-0.5563025007672873
CN(CCCNC(=O)c1ccc(F)cc1)Cc1ccccc1,-1.3010299956639813
CCCc1ccc(C(=O)NCCCN(C)Cc2ccccc2)cc1,-0.568201724066995
CN(CCCNC(=O)c1ccc(Br)cc1)Cc1ccccc1,-0.3222192947339193
Clc1ccc(CCN2CCN3CCC2CC3)cc1Cl,-2.815577748324267
CN(CCCNC(=O)c1ccc(Cl)cc1)CCc1ccccc1,-0.6334684555795865
CN(CCN1CCCC1)C(=O)Cc1ccc([N+](=O)[O-])cc1,-2.9390197764486663
OC1COCCC1NC1CCN(c2ccc(C(F)(F)F)cn2)CC1,-1.255272505103306
Clc1cc2c(cc1Cl)CC(NCCN1CCCC1)CC2,-0.5910646070264992
CC(C)(C)c1ccc(CCCN2CCCCC2)cc1,-0.1760912590556812
CC(CC1C=CC=CC1)[N+](C)(C)CCCc1ccccc1,-2.130333768495006
CN1CCN(CCc2ccc(Cl)c(Cl)c2)CC1,-0.8893017025063104
CC(CN1c2ccccc2Sc2ccccc21)N(C)C,-2.0791812460476247
CN(CCCCCc1ccccc1)CCCc1ccccc1,0.4202164033831898
CCCC(Cc1ccccc1)NCCCCc1ccccc1,-0.4313637641589873
C1=C(c2ccccc2)CCN(CCCCc2ccncc2)C1,-0.4345689040341987
Clc1ccc(-n2nc(OCCN3CCOCC3)cc2-c2ccccc2)cc1Cl,-2.3502480183341627
CN(CCc1ccc(Cl)c(Cl)c1)CC1(N2CCCCC2)CCCCC1,-1.8920946026904804
CCC(=O)c1ccc2c(c1)sc(=O)n2CCN1CCCC1,-2.756636108245848
CCCNCC(O)COc1ccccc1C(=O)CCc1ccccc1,-3.040206627574712
COc1cc2c(cc1OC)CN(CCNC(=O)c1cc(Br)c3ccccc3c1OC)CC2,-2.27669152884504
CC(Cc1cccc(C(F)(F)F)c1)NCCCc1ccccc1,-0.8027737252919758
CN(CCNC(=O)c1cccc(Cl)c1Cl)Cc1ccccc1,-0.8129133566428556
CN(CCNC(=O)c1ccc(Cl)cc1)Cc1ccccc1,-0.5563025007672873
CC1CN(CCCN(c2ccccc2)c2ccccc2)CC(C)N1CCc1ccc(Cl)c(Cl)c1,-1.4712917110589383
COc1cccc2c1CCCC2CCCNCCNc1ccccc1,-2.423245873936808
CN(CCN1CCCC1)C1CCc2cc(Cl)c(Cl)cc2C1,-0.1139433523068367
COc1ccc(CC(=O)N(C)CCN2CCCC2)cc1,-3.346352974450639
C1=C(c2c[nH]c3ccccc23)CCN(CCCCc2ccncc2)C1,-1.0128372247051722
O=C(CCCCCN1CCN(c2noc3ccccc23)CC1)c1ccccc1O,-1.7853298350107671
Fc1ccc(C2=CC3CCC(C2)N3CCCCc2cn(-c3ccc(F)cc3)c3ccccc23)cc1,-3.0791812460476247
COc1ccc2c(c1)C1(CCN(C)CC(=O)OC(C)(C)C)CCCCC1C=C2,-2.571708831808688
CCC(=O)c1ccc2c(c1)sc(=O)n2CCN1CCCCC1,-1.6720978579357175
CCC(=O)c1ccc2c(c1)oc(=O)n2CCN1CCCCC1,-1.8573324964312683
CN(C)CCCCCc1ccccc1,-1.0681858617461617
COc1cccc2c1CCCC2CCCNCCc1ccccc1,-2.201397124320452
COc1cccc2c1CCCC2CCCNCCC1CCCc2ccccc21,-2.671172842715084
CN(CCCN1CCc2oc3ccccc3c2C1)CCc1ccccc1,-0.3979400086720376
O=c1n(CCCN2CCN(c3cccc(Cl)c3)CC2)nc2ccccn12,-2.9666109866819346
O=C(Cc1ccc(Cl)c(Cl)c1)OCCN1CCCC1,-0.6893088591236203
CC1CN(CCCn2c3ccccc3c3cc([N+](=O)[O-])ccc32)CC(C)N1,-2.7752462597402365
CN1CCCC(N(C)CCc2ccc(Cl)c(Cl)c2)C1,-0.3617278360175928
COc1cccc2c1CCCC2CCCNCCCc1ccccc1,-2.1818435879447726
CCCCCCOc1ccc2c(c1OC)CN1CCc3cc(OC)c(O)cc3C1C2,-1.568201724066995
c1cn(C2CCCCC2)nc1OCCN1CCOCC1,-1.3636119798921444
CC(Cc1ccc(Cl)c(Cl)c1)NCCCc1ccccc1,-1.0791812460476249
CCN(CC)CCOCCOC(=O)C1(c2ccccc2)CCCC1,-1.290034611362518
CN(CCc1ccc(Cl)c(Cl)c1)CC1CCCCN1C,-0.5670263661590604
CN(CCCc1ccc2ccccc2c1)CCCc1ccc2ccccc2c1,-1.4771212547196624
CN(CCCN1CCc2oc3ccccc3c2C1)Cc1ccccc1,-0.3010299956639812
CCN(CC)CCCCC(O)(c1ccccc1)c1ccccc1,-1.0791812460476249
CN(CCCn1c(=O)oc2cc3c(cc21)C(c1ccc(Cl)cc1)CC3=O)Cc1ccccc1,-2.204119982655925
CN(CCCN1c2ccccc2Oc2ccccc21)CCc1ccccc1,-1.255272505103306
CN(CCCN1c2ccccc2Sc2ccccc21)CCc1ccccc1,-1.041392685158225
COc1ccc(C)cc1NC(=O)OC1CC2CCCC(C1)N2Cc1ccc(N(C)C)cc1,-3.157456768134226
Cc1cc(OCCN2CCC(C)CC2)nn1-c1ccc(Cl)c(Cl)c1,-0.9242792860618816
CCCCCOc1ccc2c(c1OC)CN1CCc3cc(OC)c(O)cc3C1C2,-2.075546961392531
CC(Cc1cccc(Br)c1)NCCCc1ccccc1,-0.8948696567452525
CC(CCc1ccccc1)NCC(O)c1ccc(O)c(C(N)=O)c1,-2.8825245379548803
OC1(c2ccc(Cl)cc2)CC2CCC(C1)N2CCCSc1ccc(F)cc1,-1.909235003368308
CN(C)CCCN1c2ccccc2Sc2ccccc21,-2.0569048513364727
COc1ccc(CC(C)NCCCc2ccccc2)cc1,-0.9777236052888476
CN(C)CCC(c1ccc(Cl)cc1)c1ccccn1,-2.8432327780980096
CCCCOc1ccc2c(c1OC)CN1CCc3cc(OC)c(O)cc3C1C2,-1.1139433523068367
C1=C(c2ccc3ccccc3c2)CCN(CCCCc2ccncc2)C1,-0.4871383754771864
COc1cc2c(cc1O)C1Cc3ccc(OCCCO)c(OC)c3CN1CC2,-1.7242758696007892
CN(CCCN1c2ccccc2Sc2ccccc21)Cc1ccccc1,-1.4471580313422192
CC(=O)C1CCN(CCOc2ccn(-c3ccc(Cl)c(Cl)c3)n2)CC1,-0.8573324964312685
CC1CN(CCCN(c2ccc(F)cc2)c2ccc(F)cc2)CC(C)N1CCCc1ccccc1,-1.0453229787866574
CCN1CCCC1CN(C)CCc1ccc(Cl)c(Cl)c1,-0.1702617153949573
CN(CCCNC(=O)c1ccccc1Br)Cc1ccccc1,-1.6232492903979006
OC1(c2ccc(Cl)cc2)CC2CCC(C1)N2CCCOc1ccc(F)cc1,-2.2200557602513413
CCN1CCC(C2Nc3ccc(OCCC(C)C)cc3C3OCCCC32)CC1,-2.501059262217752
CCCOc1ccc2c(c1OC)CN1CCc3cc(OC)c(O)cc3C1C2,-1.7558748556724917
CNCCC12CCCCC1C=Cc1ccc(OC)cc12,-2.6589648426644352
Cc1cc(OCCN2CCN(c3ccccc3)CC2)nn1-c1ccc(Cl)c(Cl)c1,-1.1702617153949575
CN(CCc1ccccc1[N+](=O)[O-])CCN1CCCC1,-0.8864907251724818
O=C(NCCCN1Cc2ccccc2C1)c1ccc(Cl)cc1,-1.2787536009528289
COc1ccc(N2CC(CN3CCC(O)(c4ccc(Cl)c(C(F)(F)F)c4)CC3)OC2=O)cc1,-1.1760912590556811
CC1OC2(CCN(CCc3ccccn3)CC2)CN(c2cnccc2C(F)(F)F)C1=O,-2.7937903846908188
OC1(c2ccc(Cl)cc2)CC2CCC(C1)N2CCCCc1ccc(F)cc1,-1.3412366232386923
CN(CCCN1CCc2c([nH]c3ccccc23)C1)CCc1ccccc1,-0.8573324964312685
CN(CCCN1CCc2[nH]c3ccccc3c2C1)CCc1ccccc1,-1.041392685158225
Clc1ccc(C2=CCN(CCCCc3ccccc3)CC2)cc1,-0.6127838567197355
OC1(c2ccc(Cl)cc2)CC2CCC(C1)N2CCCSc1cccc(F)c1,-1.850615606847647
CCN(CC=Cc1ccc(C2CCCCC2)c(Cl)c1)C1CCCCC1,-0.4771212547196624
O=C1OC(CN2CCC(O)(c3ccc4c(c3)OCO4)CC2)CN1c1ccc(OC(F)(F)F)cc1,-0.0
CN(C)CCC=C1c2ccccc2CCc2ccccc21,-2.6364878963533656
CCOc1ccc2c(c1OC)CN1CCc3cc(OC)c(O)cc3C1C2,-2.093421685162235
CCCN(CCC1(O)CC(NC(=O)c2ccc3ccccc3c2)C1)C1CCc2nc(N)sc2C1,-2.725094521081469
O=C(c1c2c(nn1-c1ccc(F)cc1)CCC(NCCc1ccncc1)C2)N1CCCCC1,-2.0
CN(CCCN1CCc2c([nH]c3ccccc23)C1)Cc1ccccc1,-0.7923916894982539
CN(CCCN1CCc2[nH]c3ccccc3c2C1)Cc1ccccc1,-1.255272505103306
CCN(CC)CCOC(=O)C1(c2ccccc2)CCCC1,-1.3170181010481117
CCOc1ccc(N2CC(CN3CCC(O)(c4ccc5c(c4)OCO5)CC3)OC2=O)cc1,-1.1760912590556811
COc1ccc(N2CC(CN3CCC(O)(c4ccc5c(c4)CCO5)CC3)OC2=O)cc1,-1.230448921378274
CC(C)(C)OC(=O)NCCCC(=O)N1CCN(CCCc2ccccc2)CC1,0.494850021680094
CCN1CCCC1CNCCc1ccc(Cl)c(Cl)c1,-1.2054750367408908
Cc1c(OCCN2CCOCC2)nn(-c2ccc3ccccc3c2)c1C,-2.143014800254095
CC1CN(CCCn2c3ccccc3c3cc(N)ccc32)CC(C)N1,-3.757396028793024
COc1ccc(N2CC(CN3CCC(O)(c4ccc5c(c4)OC(C)(C)O5)CC3)OC2=O)cc1,-1.2041199826559248
CC(=O)Oc1ccc(N2CC(CN3CCC(O)(c4ccc5c(c4)OCO5)CC3)OC2=O)cc1,-2.397940008672037
CCOc1ccc(CC(C)NCCCc2ccccc2)cc1,-0.7075701760979364
O=C(Cc1ccccc1[N+](=O)[O-])N1CCN(CCCc2ccccc2)CC1,-0.8976270912904414
COc1ccc2c(c1)C1(CCN(C)CCO)CCCCC1C=C2,-2.206825876031849
c1ccc2cc(-n3ccc(OCCN4CCOCC4)n3)ccc2c1,-1.5224442335063195
COc1c(C(=O)NCCN2CCc3ccccc3C2)cc(Br)c2ccccc12,-1.1789769472931697
COc1cc(Br)cc(C(=O)NCCN2CCc3ccccc3C2)c1OC,-2.441695135640717
NC(=O)c1cccc(CNC2CCN(c3ccc(F)c(Cl)c3)C2)c1,-2.342422680822206
Cc1cc(OCCN2CCOCC2)nn1-c1ccc2ccccc2c1,-1.230448921378274
CCCc1ccc(CC(C)NCCCc2ccccc2)cc1,-0.7923916894982539
COc1ccc(N2CC(CN3CCC(O)(c4ccc5c(c4)OCO5)CC3)OC2=O)cc1,-1.2787536009528289
COc1ccc(N2CC(CN3CCC(O)(c4ccc5c(c4)OCCO5)CC3)OC2=O)cc1,-1.4913616938342726
O=C(Cc1ccc([N+](=O)[O-])cc1)N1CCN(CCCc2ccccc2)CC1,-1.146128035678238
CC(Cc1ccc(OCc2ccccc2)cc1)NCCCc1ccccc1,-1.4329692908744058
CC1CCN(CCOc2ccn(-c3ccc(Cl)c(Cl)c3)n2)CC1,-0.9344984512435676
COc1ccc2c(c1)CCC(c1ccccc1)=C2c1ccc(OCCN2CCCC2)cc1,-1.4771212547196624
CN(CCc1cccc(N)c1)CCN1CCCC1,-2.762678563727436
CN(CCc1cccc(F)c1)CCN1CCCC1,-0.7323937598229685
CN(CCCn1c(=O)oc2cc3c(cc21)C(c1ccccc1)CC3=O)Cc1ccccc1,-1.8573324964312683
OCCN1CCN(CCCN2c3ccccc3Sc3ccc(C(F)(F)F)cc32)CC1,-0.933234128714808
C(CCCNCCc1ccccc1)=C(c1ccccc1)c1ccccc1,-0.1139433523068367
CN1CCN(CCCN2c3ccccc3Sc3ccc(Cl)cc32)CC1,-1.3617278360175928
O=C(CN1CCCCC1)Nc1ccn(-c2ccc(Cl)c(Cl)c2)n1,-1.9074113607745864
CC(N)Cc1ccccc1,-4.666517980554881
COc1ccc(Br)cc1C(=O)NCCN1CCc2ccccc2C1,-1.3384564936046048
COc1c(C(=O)NCC2CCCN2C2C3CCCC2CCC3)cc(Br)c2ccccc12,-1.2227164711475833
CCN1CCCC1CNC(=O)c1c(OC)ccc(Br)c1OC,-1.740362689494244
COc1ccc2c(c1)CCCC2CCCN1CCN(C2CCCCC2)CC1,0.4436974992327127
Cc1cc(OCCN2CCCCC2)nn1-c1ccc2ccccc2c1,-1.0
Cc1cc(OCCCCN2CCOCC2)nn1-c1ccc2ccccc2c1,-1.9960736544852755
CCCCCNCCc1ccccc1,-1.6830470382388496
CN(CCc1ccccc1N)CCN1CCCC1,-2.463892988985908
CN(CCN1CCCC1)C(=O)Cc1ccccc1[N+](=O)[O-],-2.866877814337499
COc1ccc2c(c1)C(CCCN1CCN(C3=NCCCC3)CC1)CCC2,-1.462397997898956
COc1ccc(N2CC(CN3CCC(O)(c4ccc5c(c4)OC4(CCCC4)O5)CC3)OC2=O)cc1,-1.792391689498254
COc1ccc(N2CC(CN3CCC(O)(c4ccc(OC)c(OC)c4)CC3)OC2=O)cc1,-1.255272505103306
O=C1OC(CN2CCC(O)(c3ccc4c(c3)OCO4)CC2)CN1c1ccc(F)cc1,-1.2041199826559248
COc1ccc(N2CC(CN3CCC(O)(c4ccsc4)CC3)OC2=O)cc1,-1.5314789170422551
O=C1OC(CN2CCC(O)(c3ccc4c(c3)OCO4)CC2)CN1c1ccc(Cl)cc1,-0.4771212547196624
Cc1cc(OCCN2CCCC2)nn1-c1ccc2ccccc2c1,-0.99563519459755
O=C(CCCN1CCC(O)(c2cccc(C(F)(F)F)c2)CC1)c1ccc(F)cc1,0.0809219076239261
CN1CCN(CCCN2c3ccccc3Sc3ccc(C(F)(F)F)cc32)CC1,-1.1760912590556811
CC1CN(CCCN(c2ccccc2)c2ccccc2)CC(C)N1CCCc1ccccc1,-1.9876662649262744
O=C1NC(c2ccccc2)(c2ccccc2)C(=O)N1CCCCCN1CCN(c2ccccc2)CC1,-1.2787536009528289
O=C1NC(c2ccccc2)(c2ccccc2)C(=O)N1CCCCCCN1CCN(c2ccccc2)CC1,-1.0791812460476249
CN(C)CCCN1c2ccccc2CCc2ccc(Cl)cc21,-2.7573960287930244
CNCCC(Oc1ccc(C(F)(F)F)cc1)c1ccccc1,-2.322219294733919
CN(CCCCC(c1ccccc1)c1ccccc1)CCc1ccccc1,0.3187587626244128
O=C1c2ccc(F)cc2CC1CCN1CCCN(c2ccccn2)CC1,-1.6417219247658326
O=C1N(c2cccnc2C(F)(F)F)CC2(CCN(CCc3ccccc3F)CC2)OC12CC2,-1.7634279935629371
Cc1cc(OCCN2CC(C)OC(C)C2)nn1-c1ccc2ccccc2c1,-1.5289167002776547
NCCCCCC1C(=O)N(C(CC2CCCCC2)C(N)=O)C(=O)N1Cc1ccccc1,-3.5599066250361124
O=C(c1c2c(nn1-c1ccc(F)cc1)CCC(NCc1ccc(F)cc1)C2)N1CCCCC1,-1.2155053782318184
CC(Cc1ccccc1)NCCOc1ccccc1,-1.6532125137753435
COc1ccc(OCCN2CCN(C(=O)c3cc4ccccc4[nH]3)CC2)cc1,-2.583198773968623
OC12C3C4CC5C6C4C1C6C(C53)N2CCc1cccc(F)c1,-1.0791812460476249
COc1cc2c(cc1O)C1Cc3ccc(O)c(OC)c3CN1CC2,-2.429752280002408
COc1cc2c(cc1O)C1Cc3ccc(OC)c(OC)c3CN1CC2,-2.0253058652647704
O=c1oc2cc(Cc3ccccc3)ccc2n1CCN1CCOCC1,-1.8573324964312683
c1ccc2c(c1)CCCC2CCCN1CCN(C2=NCCCC2)CC1,-1.6414741105040995
c1cnc(N2CCN(CCCc3nc4ccccc4s3)CC2)nc1,-2.542040748530137
COc1cccc(CCN(C)CCN2CCCC2)c1,-1.376576957056512
CN(CCN1CCCC1)C(=O)Cc1cccc([N+](=O)[O-])c1,-3.2671717284030137
CC(C)(C)OC(=O)NCCC(=O)N1CCN(CCCc2ccccc2)CC1,-1.934498451243568
Clc1ccc(N2CCN(Cc3c[nH]c4ncccc34)CC2)cc1,-2.113943352306837
CC(C)(C)OC(=O)NCC(=O)N1CCN(CCCc2ccccc2)CC1,-2.2430380486862944
CC(C)CCOc1ccc2c(c1)C1OCCCC1C(C1CCNCC1)N2,-2.72916478969277
CC(Cc1ccccc1)NCCCc1ccc2ccccc2c1,-0.7558748556724915
O=C1c2ccccc2CC1CCN1CCCN(c2ccc(Cl)cc2)CC1,-1.3222192947339193
NCCCC1C(=O)N(C(CC2CCCCC2)C(N)=O)C(=O)N1Cc1ccccc1,-2.6085260335771943
COc1ccc(N2CC(CN3CCC(O)(c4ccc(C)cc4)CC3)OC2=O)cc1,-1.2787536009528289
Cc1cc(OCCCCN2CC(C)OC(C)C2)nn1-c1ccc2ccccc2c1,-1.812913356642856
CC1CN(CCCn2c3ccccc3c3ccccc32)CC(C)N1CCCc1ccccc1,-2.0170333392987803
FC(F)(F)c1cccc(N2CCN(CCCCc3ccccc3)CC2)c1,-0.7323937598229685
O=C(Cc1ccc(Cl)c(Cl)c1)N1CCN(CCCc2ccccc2)CC1,-1.4471580313422192
CC(=O)N1CCN(CCCCOc2cc(C)n(-c3ccc4ccccc4c3)n2)CC1,-2.4712917110589387
c1ccc(C2c3[nH]c4ccccc4c3CCN2CCCN2Cc3ccccc3C2)cc1,-0.9242792860618816
OC1(c2ccc(Cl)cc2)CC2CCC(C1)N2CCCSc1ccccc1F,-1.7579271831133294
c1ccc(CCCCCCCNCCc2ccccc2)cc1,-0.1760912590556812
c1ccc(CCCCCNCCc2ccccc2)cc1,0.7695510786217261
CNCCCCCc1ccccc1,-2.621176281775035
COc1cccc(CC(=O)N(C)CCN2CCCC2)c1,-3.4913616938342726
c1ccc2c(c1)CN(CCCN1c3ccccc3Sc3ccccc31)C2,-1.0791812460476249
Fc1ccc(N(CCCN2CCN(CCCc3ccccc3)CC2)c2ccc(F)cc2)cc1,-1.8208579894397
CN(CCc1cccc(Cl)c1)CCN1CCCC1,-0.1818435879447725
O=[N+]([O-])c1ccccc1CCN1CCN(CCCc2ccccc2)CC1,-0.0791812460476248
Fc1ccc(C2CCNCC2COc2ccc3c(c2)OCO3)cc1,-3.35314654621398
c1ccc(CCCCCCCNCc2ccccc2)cc1,-0.3617278360175928
CC1CN(CCCN(c2ccccc2)c2ccccc2)CC(C)N1,-2.1398790864012365
c1ccc(CCCCCNCc2ccccc2)cc1,0.494850021680094
c1ccc2c(c1)CN(CCCN1CCc3oc4ccccc4c3C1)C2,-1.041392685158225
CN(CCc1cccc([N+](=O)[O-])c1)CCN1CCCC1,-0.8061799739838872
CN(C(=O)Cc1cc(Cl)c(Cl)cc1N)C1CCCCC1N1CCCC1,-1.041392685158225
NCCCC(=O)N1CCN(CCCc2ccccc2)CC1,-2.305351369446624
COc1ccc(N2CC(CN3CCC(O)(c4cccs4)CC3)OC2=O)cc1,-1.6127838567197357
CC(=O)N1CCN(CCOc2cc(C)n(-c3ccc4ccccc4c3)n2)CC1,-1.9211660506377388
CCN(CC)CC#CCOC(=O)C(O)(c1ccccc1)C1CCCCC1,-1.0086001717619175
COc1ccc2c(c1)C(CCCN1CCN(C3CCCCC3)CC1)CCC2,-0.9561684304753632
c1ccc(C2c3[nH]c4ccccc4c3CCN2CCCN2CCCC2)cc1,-1.5563025007672873
CN(CCCN1CCc2c([nH]c3ccccc23)C1c1ccccc1)CCc1ccccc1,-1.041392685158225
COc1cccc(CCN2CCN(C(=O)Cc3cccc(OC)c3)CC2)c1,-1.0718820073061257
c1ccc(CCCCCNCCCc2ccccc2)cc1,0.5528419686577808
CN(C)CCC1OCCc2c1cnn2-c1ccccc1,-1.380211241711606
c1ccc(CCCCNCCc2ccccc2)cc1,-0.414973347970818
O=C(Cc1cccc([N+](=O)[O-])c1)N1CCN(CCCc2ccccc2)CC1,-0.8808135922807914
O=C1OC(CN2CCC(O)(c3ccc4c(c3)OCO4)CC2)CN1c1ccc(O)cc1,-1.380211241711606
c1ccc(CCCNC2CCc3ccccc3CC2)cc1,-0.8976270912904414
CCN(CC)CCNS(=O)(=O)c1ccc(I)cc1,-0.6963563887333322
CC(Cc1ccc(O)cc1)NCCCc1ccccc1,-1.2564772062416767
c1ccc(CCCCNCc2ccccc2)cc1,-0.9822712330395684
c1ccc(CCCN2CCN(c3ccc4ccccc4c3)CC2)cc1,-0.4471580313422192
c1ccc(N2CCN(CCCc3ccc4ccccc4c3)CC2)cc1,-0.6020599913279624
CC1CCN(CCCc2ccc(C(C)(C)C)cc2)CC1,-0.7323937598229685
O=C(c1ccccc1)c1ccc2c(c1)sc(=O)n2CCN1CCCC1,-1.7323937598229686
CN(CCCN1CCc2c([nH]c3ccccc23)C1c1ccccc1)Cc1ccccc1,-0.6334684555795865
CN(C)C(=O)C(CCN1CCC(O)(c2ccc(Cl)cc2)CC1)(c1ccccc1)c1ccccc1,-2.421603926869832
O=C(c1c2c(nn1-c1ccccc1)CCC(NCCc1ccc3c(c1)OCO3)C2)N1CCCCC1,-1.8000293592441343
Clc1ccc(CCN2CCN(CCCc3ccccc3)CC2)cc1Cl,-0.3424226808222063
CN(CCc1ccc2ccccc2c1)CCN1CCCC1,-0.320146286111054
O=C1OC(CN2CCC(O)(c3ccc4c(c3)OCO4)CC2)CN1c1ccccc1,-0.6989700043360189
COc1ccc(CCN2CCC(Nc3nc4ccccc4n3Cc3ccc(F)cc3)CC2)cc1,-3.101219346776784
O=C(c1nn(-c2ccccc2)c2c1CC(NCCc1ccc3c(c1)OCO3)CC2)N1CCCCC1,-2.7000023971422538
COc1cccc2c1CCCC2CCCCCCN1CCN(C2CCCCC2)CC1,-0.4871383754771864
COc1cccc2c1CCCC2CCCCCN1CCN(C2CCCCC2)CC1,-0.1818435879447725
NC(=O)C1CCN(CCCN2c3ccccc3Sc3ccc(Cl)cc32)CC1,-1.6812412373755872
Oc1ccc2c(c1)CCCC2CCCN1CCN(C2CCCCC2)CC1,0.1611509092627447
O=[N+]([O-])c1cccc(CCN2CCN(CCCc3ccccc3)CC2)c1,0.1426675035687315
Clc1cccc(N2CCN(CCCc3ccccc3)CC2)c1,-1.2833012287035497
COc1cccc(CC(=O)N2CCN(CCCc3ccccc3)CC2)c1,-1.414973347970818
c1ccc(CCNCCCCC(c2ccccc2)c2ccccc2)cc1,0.1804560644581313
NCCC(=O)N1CCN(CCCc2ccccc2)CC1,-2.170261715394957
COc1ccc(N2CC(CN3CCC(c4ccc5c(c4)OCO5)CC3)OC2=O)cc1,-1.2787536009528289
O=C(OCCN1CCOCC1)C1(c2ccccc2)CCCCC1,-1.667452952889954
c1ccc(CCCNCCc2ccccc2)cc1,-1.0530784434834195
FC(F)(F)c1cccc(N2CCN(CCc3ccccc3)CC2)c1,-0.8750612633917001
c1ccc(CCCCCNCCCCc2ccccc2)cc1,0.3187587626244128
COc1cccc2c1CCCC2CCCCN1CCN(C2CCCCC2)CC1,-0.187520720836463
O=C1c2ccc(F)cc2CCC1C1CCN(CCc2ccccc2)CC1,-0.6020599913279624
c1ccc(N2CCN(CCC3OCCc4c3cnn4-c3ccccc3)CC2)cc1,-0.4623979978989561
c1ccc(-n2ncc3c2CCCC3CCN2CCOCC2)cc1,-0.6020599913279624
CCN(CC)CCCCC(c1ccccc1)c1ccccc1,-0.146128035678238
c1ccc(CCNCCN2CCCC2)cc1,-1.919078092376074
NCC(=O)N1CCN(CCCc2ccccc2)CC1,-0.6127838567197355
CCC1c2cc(OC)ccc2CCC1(C)N,-2.099991233544684
COc1cc2c(cc1O)C1Cc3ccc(OCC4CC4)c(OC)c3CN1CC2,-1.0791812460476249
COc1c(C(=O)NCCCCN2CCN(c3cccc(Cl)c3Cl)CC2)cc(Br)c2ccccc12,-2.8756399370041685
O=C(c1c2c(nn1-c1ccccc1)CCC(NCCc1ccc(C(F)(F)F)cc1)C2)N1CCCCC1,-2.300008202553813
Clc1ccc(CCN2CCN3CCCCC3C2)cc1Cl,0.0087739243075051
Nc1ccccc1CCN1CCN(CCCc2ccccc2)CC1,-0.6812412373755872
c1ccc2c(c1)CN(CCCN1CCc3[nH]c4ccccc4c3C1)C2,-1.8573324964312683
COc1ccc(C)cc1NC(=O)OC1CC2CCCC(C1)N2CCCCCCN,-3.151676230847048
COc1ccc(C)cc1NC(=O)OC1CC2CCCC(C1)N2CCCCCCCCCCN,-2.123851640967086
Clc1ccc(CCN2CCCNCC2)cc1Cl,-2.187520720836463
c1ccc2c(c1)CN(CCCN1CCc3c([nH]c4ccccc34)C1)C2,-0.9030899869919436
O=C(c1nn(-c2ccccc2)c2c1CC(NCCc1ccc(C(F)(F)F)cc1)CC2)N1CCCCC1,-2.500003068051693
NC(=O)c1ccc(-n2nc3c(c2C(=O)N2CCCCC2)CC(NCCc2ccccc2)CC3)cc1,-2.800001827817969
C=CCN1CC2C(=O)CCC1CN2Cc1ccc(OC)cc1,-3.204119982655925
CSc1ccc2c(c1)N(CCC1CCCCN1C)c1ccccc1S2,-2.184691430817599
CN(CCc1cccc(Br)c1)CCN1CCCC1,-0.6334684555795865
c1ccc(CCCNC2CCCc3ccccc3C2)cc1,-1.920123326290724
COc1ccc(CC(=O)N2CCN(CCCc3ccccc3)CC2)cc1,-1.1139433523068367
Clc1cccc(N2CCN(CCc3ccccc3)CC2)c1,-1.021189299069938
Clc1ccc(N2CCN(CCCOc3ccccc3)CC2)cc1,-1.7134905430939424
O=[N+]([O-])c1ccc(CCN2CCN(CCCc3ccccc3)CC2)cc1,-0.414973347970818
Clc1ccc(CCN2CCCC(N3CCCC3)C2)cc1Cl,-0.5514499979728752
CN1CCN(C2=Nc3cc(Cl)ccc3Nc3ccccc32)CC1,-3.929418925714293
OCCN1CCN(CCCN2c3ccccc3C=Cc3ccccc32)CC1,0.6989700043360187
Nc1cccc(CCN2CCN(CCCc3ccccc3)CC2)c1,-0.3010299956639812
O=C(c1nn(-c2ccccc2)c2c1CC(NCCc1cccc(O)c1)CC2)N1CCCCC1,-2.300008202553813
COc1cccc(CCN2CCN(CCCc3ccccc3)CC2)c1,-0.146128035678238
CCC1c2c(ccc3ccccc23)OCC1(C)N,-3.0
CN1CCc2c(c3cccc4c3n2CCc2ccccc2-4)C1,-2.342422680822206
CCCNC(C)Cc1ccccc1,-3.214843848047698
Cn1c(=O)sc2cc(CCCCN3CCC(Cc4ccccc4)CC3)ccc21,-0.6989700043360189
Fc1ccc(OCCCN2CCN(c3ccccc3)CC2)cc1,-1.6180480967120927
COc1cccc2c1CCCC2CCN1CCN(C2CCCCC2)CC1,-0.1958996524092337
COc1ccc2c(c1)CCC(C1CCN(CCc3ccccc3)CC1)C2=O,-1.1139433523068367
O=C(c1nn(Cc2ccccc2)c2c1CC(NCCc1ccncc1)CC2)N1CCCCC1,-2.400002345927956
COc1ccc(CCN2CCN(CCc3ccc(OC)cc3)CC2)cc1,-0.9138138523837168
CC1OC2(CCN(CCc3ccccc3F)CC2)CN(c2cnccc2C(F)(F)F)C1=O,-1.7853298350107671
CC(Cc1ccccc1)NC(C)c1ccccc1,-2.439332693830263
Clc1ccc(CCN2CCCCC(N3CCCC3)C2)cc1Cl,-0.4265112613645752
O=C1CC(C2CCN(CCc3ccccc3)CC2)Oc2ccccc21,0.9601894458516496
Nc1ccc(CCN2CCN(CCCc3ccccc3)CC2)cc1,-0.6127838567197355
CN(c1nc2ccccc2s1)C1CCN(CCCCOc2ccccc2)C1,-0.1139433523068367
CN(CCc1ccccc1)CCN1CCCC1,-0.8692317197309762
CC(C)Oc1cccnc1N(C)C1CCN(Cc2ccc(I)cc2)CC1,-1.9143431571194407
O=C(c1nn(Cc2ccccc2)c2c1CC(NCc1ccc(F)cc1)CC2)N1CCCCC1,-2.400002345927956
O=C(c1c2c(nn1-c1ccc(O)cc1)CCC(NCCc1ccccc1)C2)N1CCCCC1,-2.500003068051693
O=C(c1nn(-c2ccccc2)c2c1CC(NCCc1ccc(F)cc1)CC2)N1CCCCC1,-2.099991233544684
COc1cc2c(cc1OC)C1Cc3ccc(OC)c(OC)c3CN1CC2,-0.3979400086720376
OC(CCCN1CCCCC1)(c1ccccc1)c1ccccc1,-2.03342375548695
c1ccc(CCCNC2CCc3ccccc3C2)cc1,-1.3010299956639813
CN(Cc1ccc(Cl)c(Cl)c1)C1CCCCC1N1CCCC1,-0.093421685162235
c1ccc(CCCCCN2CCCCC2)cc1,0.3187587626244128
CN(C(=O)Cc1ccc(Cl)c(Cl)c1)C1CCCCC1N1CCCC1,-2.773786444981193
CC1OC2(CCN(CCc3ccccc3F)CC2)CN(c2ncccc2C(F)(F)F)C1=O,-2.012837224705172
c1ccc(CCCNCCCc2ccccc2)cc1,-1.0569048513364727
CC1CCN(CCC=C2c3ccccc3Sc3ccccc32)CC1,0.0969100130080563
COc1ccc(N2CCN(CCC(OC(N)=O)c3ccccc3)CC2)cc1,-2.593286067020457
N=C(NCCCCCN1CCCC1)NCCc1ccc(Cl)cc1,-1.7900035203904894
Oc1cccc2c1CCCC2CCCN1CCN(C2CCCCC2)CC1,-0.7323937598229685
O=C(c1c2c(nn1-c1ccccc1)CCC(NCc1ccc(F)cc1)C2)N1CCCCC1,-1.4999618655961902
CC1OC2(CCN(CCc3ccccc3)CC2)CN(c2cccnc2C(F)(F)F)C1=O,-1.6812412373755872
CC1OC2(CCN(CCc3ccccc3)CC2)CN(c2ncccc2C(F)(F)F)C1=O,-1.7323937598229686
COc1cccc(CCN2CCN(CCc3cccc(OC)c3)CC2)c1,-0.724275869600789
CN(CCCC(=O)Nc1ccc(Cl)cc1)Cc1ccccc1,-0.8129133566428556
c1ccc(CCCCN2CCN(c3ccccc3)CC2)cc1,-0.414973347970818
c1ccc(CCCCCN2CCCC2)cc1,0.1191864077192086
c1ccc(CCCNC2Cc3ccccc3C2)cc1,-1.437750562820388
COc1cccc2c(CCCN3CCN(C4CCCCC4)CC3)cccc12,-0.1958996524092337
O=C(c1ccccc1)N1CCN(CCCCc2ccccc2)CC1,-2.096910013008056
Fc1ccc(C2CCN(CCCCc3cn(-c4ccc(F)cc4)c4ccccc34)CC2)cc1,-1.2041199826559248
c1ccc2c(c1)CC(CN1CCN(c3ccc4c(c3)OCCO4)CC1)C2,-0.2041199826559248
N=C(NCCCCN1CCCC1)NCCc1ccc(Cl)cc1,-2.5299946730691416
COc1cc(Br)cc(C(=O)NCCCCN2CCN(c3cccc(Cl)c3Cl)CC2)c1OC,-2.907948521612272
CC(=O)Nc1ccccc1CCN1CCC2(CC1)CN(c1ccccc1)C(=O)C(C)O2,-2.8169038393756605
OC12C3C4CC5C6C4C1C6C(C53)N2Cc1cccc(F)c1,-2.184691430817599
O=C(c1nn(-c2ccccc2)c2c1CC(NCc1ccc(F)cc1)CC2)N1CCCCC1,-2.200001865406602
CC1OC2(CCN(CCc3ccccc3)CC2)CN(c2cccc(C(F)(F)F)n2)C1=O,-0.9030899869919436
CC1CN(CCCn2c3ccccc3c3ccccc32)CC(C)N1C,-2.741939077729199
NCCCCN1CCN(CCCc2ccccc2)CC1,-2.2479732663618064
CN1CCCC1CCOC(C)(c1ccccc1)c1ccc(Cl)cc1,-1.0791812460476249
COc1ccc(CCN2CCN(CCCc3ccccc3)CC2)cc1,-0.1139433523068367
Clc1ccc(CCN2CCNCC2)cc1Cl,-2.075546961392531
c1ccc(CCCN2CCN(c3ccccc3)CC2)cc1,-0.8260748027008264
CCNC(C)Cc1ccccc1,-2.8195439355418688
CC(Cc1ccccc1)NCc1ccccc1,-2.0681858617461617
Cn1c(=O)sc2cc(CCN3CCC(Cc4ccccc4)CC3)ccc21,-0.6989700043360189
c1ccc2c(c1)CCCC2CCCCCN1CCN(C2CCCCC2)CC1,-0.1613680022349748
CC(Cc1ccccc1)NCCC(=O)c1ccccc1,-1.7481880270062005
c1ccc(OCCCN2CCN(c3ccccc3)CC2)cc1,-1.887054378050957
NCCN1CCN(CCCc2ccccc2)CC1,-0.414973347970818
CN1CCN(CCCCc2ccccc2)CC1,-1.3010299956639813
NCCCN1CCN(CCCc2ccccc2)CC1,-2.257678574869185
Fc1ccc(N(CCCN2CCNCC2)c2ccc(F)cc2)cc1,-3.143014800254095
COc1cccc2c1CCCC2CCCCN1CCN(C2=NCCCC2)CC1,-1.667452952889954
CC1OC2(CCN(CCc3ccccc3)CC2)CN(c2cnccc2C(F)(F)F)C1=O,-1.7993405494535817
CC1OC2(CCN(CCc3ccccc3)CC2)CN(c2ncccc2F)C1=O,-1.591064607026499
C=CCN1CC2C(O)CCC1CN2Cc1ccc(OC)cc1,-3.3502480183341627
COc1ccc2[nH]cc(CC(=O)NC3CCN(Cc4ccccc4)CC3)c2c1,-2.0983321678476847
c1ccc2c(c1)CCCC2CCCCN1CCN(C2CCCCC2)CC1,1.4436974992327127
CN(CCc1ccc(I)cc1)CCN1CCCC1,-0.3979400086720376
Oc1nc2ccccc2c2ncc(CN3CCN(c4ccccc4Cl)CC3)n12,-3.1760912590556813
CN1CCCC(CN2c3ccccc3Sc3ccccc32)C1,-1.880813592280792
COc1ccc(CN2C3CCC2CC3)cc1OC,-4.0
CCCCOc1ccc(OCCCN2CCOCC2)cc1,-1.7075701760979365
O=C(c1c2c(nn1-c1ccccc1)CCC(NCc1ccccc1)C2)N1CCCCC1,-1.599992177584098
COc1cccc2c1CCC=C2CCCN1CCN(Cc2ccccc2)CC1,-2.143014800254095
CC(C)(C)c1ccc(CN2CCC(C3CCc4ccccc4C3=O)CC2)cc1,-1.414973347970818
c1ccc2c(c1)CCCC2CCCN1CCN(C2CCCCC2)CC1,0.2146701649892329
COc1ccc2c(c1)C(CCCN1CCNCC1)CCC2,-2.431363764158988
Clc1ccc(N2CCN(CCCc3ccccc3)CC2)cc1,-0.4623979978989561
O=C(c1nn(-c2ccccc2)c2c1CC(NCc1ccccc1)CC2)N1CCCCC1,-2.800001827817969
COc1c(C(=O)NC2CCN(C3C4CC5CC(C4)CC3C5)CC2)cc(Br)c2ccccc12,-2.08278537031645
O=C(Cc1cccc(Br)c1)NC1CCN(Cc2ccc(F)cc2)CC1,-0.08278537031645
Fc1ccc(C(OCCN2CCN(CCCc3ccccc3)CC2)c2ccc(F)cc2)cc1,-2.502427119984433
CC(Cc1ccccc1)NCC#Cc1ccccc1,-1.9867717342662448
CC1OC2(CCN(CCc3ccccn3)CC2)CN(c2ccccc2)C1=O,-1.7242758696007892
c1ccc(CCN2CCCCC2)cc1,-2.4899584794248346
Cn1c(=O)sc2cc(CCN3CCN(Cc4ccccc4)CC3)ccc21,-0.4771212547196624
CC(C)CCOc1ccc2c(c1)C1OCCCC1C(C1CCN(Cc3ccccc3)CC1)N2,-1.1760912590556811
C#CCN(C)Cc1cc2cc(OCCCC3CCN(Cc4ccccc4)CC3)ccc2n1C,-0.4517864355242902
CNC(C)Cc1ccccc1,-3.920123326290724
O=C(Cc1c[nH]c2ccc(Br)cc12)NC1CCN(Cc2ccccc2)CC1,-1.7155019452932838
O=C(Cc1ccccc1F)NC1CCN(Cc2ccc(F)cc2)CC1,-0.4983105537896005
O=C(Cc1cccc(Cl)c1)NC1CCN(Cc2ccc(F)cc2)CC1,-0.0606978403536116
COc1c(C(=O)NC2CCN(C3C4CCCC3CCC4)CC2)cc(Br)c2ccccc12,-0.2787536009528289
CC1CCN(CCCCCc2ccccc2)CC1,1.154901959985743
CC1OC2(CCN(CCc3ccccc3)CC2)CN(c2cncc(C(F)(F)F)c2)C1=O,-1.146128035678238
CC1OC2(CCN(CCc3ccncc3)CC2)CN(c2ccccc2)C1=O,-2.049218022670181
CC1OC2(CCN(CCc3ccc(F)cc3)CC2)CN(c2ccccc2)C1=O,-1.041392685158225
c1ccc(CCCN2CCOCC2)cc1,-2.848804701051804
CC(Cc1ccccc1)NCC1CC1,-2.8195439355418688
CC1OC2(CCN(CCc3ccccc3)CC2)CN(c2cnccn2)C1=O,-1.1139433523068367
OCCOCCN1CCN(C2=Nc3ccccc3Sc3ccccc32)CC1,-2.984031980271181
COc1cccc(N2CC3(CCN(CCc4ccccc4)CC3)OC(C)C2=O)c1,-1.1760912590556811
Cc1cc(OCCCCN2CCC(c3ccccc3)CC2)nn1-c1ccc(Cl)c(Cl)c1,-1.414973347970818
COc1ccc2c(c1)C(CC(=O)NC1CCN(Cc3ccccc3)CC1)CC2=O,-2.475031622066406
CCCN1CCN(c2ccccc2)CC1,-1.869231719730976
CC1CCN(CCCC=C(c2ccccc2)c2ccccc2)CC1,0.8860566476931632
CC1OC2(CCN(CCc3ccccc3)CC2)CN(c2ccccn2)C1=O,-1.1139433523068367
Oc1ccc2c(c1)CCN(CCCCc1ccccc1)CC2O,-2.287801729930226
CC1OC2(CCN(CCc3ccccc3)CC2)CN(c2ccc(C(F)(F)F)nc2)C1=O,-0.9542425094393248
COc1cccc2c1CCCC2CN1CCN(C2CCCCC2)CC1,0.5086383061657274
COc1ccccc1CC(=O)N1CCN(CCCc2ccccc2)CC1,-1.7481880270062005
CC1OC2(CCN(CCc3cccc(F)c3)CC2)CN(c2ccccc2)C1=O,-0.9030899869919436
COc1c(C(=O)NC2CC3CCCC(C2)N3C2CCCCCC2)cc(Br)c2ccccc12,-1.9822712330395684
COc1cc2c(cc1O)C(C)N(Cc1cccc(O)c1OC)CC2,-2.113943352306837
COc1c(C(=O)NC2CCN(Cc3ccccc3)CC2)cc(Br)c2ccccc12,-0.7481880270062005
COc1c(C(=O)NC2CC3CCCC(C2)N3C2CCCCC2)cc(Br)c2ccccc12,-1.8388490907372552
Clc1ccccc1CN1CCc2sccc2C1,-2.2528530309798933
CC1OC2(CCN(CCc3ccccc3)CC2)CN(c2ccccc2F)C1=O,-1.041392685158225
O=C(Cc1ccc([N+](=O)[O-])cc1[N+](=O)[O-])NC1CCN(Cc2ccccc2)CC1,-1.1522883443830565
O=C(Cc1cccc(F)c1)NC1CCN(Cc2ccc(F)cc2)CC1,-0.741151598851785
COc1ccc(CN2CC3CCC(=O)C2CN3Cc2ccccc2)cc1,-1.7242758696007892
OC(CCN1CCN(CCCN(c2ccc(F)cc2)c2ccc(F)cc2)CC1)c1ccccc1,-2.5705429398818973
Fc1ccc(-n2cc(CCCCN3CCC4(CC3)OCc3ccccc34)c3ccccc32)cc1,-1.230448921378274
COc1ccccc1C(=O)CCCCCN1CCN(c2noc3ccccc23)CC1,-3.632963168167261
COc1ccc(N2CC3(CCN(CCc4ccccc4)CC3)OC(C)C2=O)cc1,-1.146128035678238
COc1c(C(=O)NC2CC3CCCC(C2)N3Cc2ccccc2)cc(Br)c2ccccc12,-1.869231719730976
O=C1c2ccc(Cl)cc2CCC12CCN(CCc1ccccc1)CC2,-1.5440680443502757
OC12C3C4CC5C6C4C1C6C(C53)N2Cc1cccc(Br)c1,-2.037426497940624
CC1OC2(CCN(CCc3ccccc3)CC2)CN(c2cncc(F)c2)C1=O,-0.4771212547196624
COc1ccc2cc(CN3CCN(CC4CCCCC4)CC3CCO)ccc2c1,-1.4313637641589874
COc1ccc(CN2CC3CCCC2CN3Cc2ccccc2)cc1,0.0409586076789063
O=C1OC2(CCN(CCc3ccccc3)CC2)CN1c1ccccc1,-1.740362689494244
COc1ccc(OC)c(CC(=O)NC2CCN(Cc3ccccc3)CC2)c1,-1.6374897295125106
COc1cccc(C(O)CNC2CCN(Cc3ccccc3)CC2)c1OC,-1.506505032404872
COc1ccc(NC(=O)NC2CCN(Cc3ccccc3)CC2)c(OC)c1,-1.4785664955938431
CC1CCN(CCC=C(c2ccccc2)c2ccccc2)CC1,-0.2787536009528289
c1ccc2c(c1)c1ccccc1n2CCCN1CCN(C2CCCCC2)CC1,-3.537819095073274
O=C1COC2(CCN(CCc3ccccc3)C2)CN1c1ccccc1,-1.7242758696007892
N=C(NCCCOc1ccc(F)cc1)Nc1ccc(C(F)(F)F)cc1,-1.6562899011913597
OC1CN(CCCCc2ccccc2)CCc2ccccc21,-2.829946695941636
CCC1c2cc(-c3ccccc3)ccc2OCC1(C)N,-1.1551841596940076
CC1OC2(CCN(CCc3ccccc3)CC2)CN(c2ccncc2)C1=O,-1.944482672150169
O=C1COC2(CCN(CCc3ccccc3)CC2)CN1c1ccccc1,-1.7558748556724917
O=C(Cc1ccccc1F)NC1CCN(Cc2ccc(I)cc2)CC1,-0.6232492903979004
O=C1N(c2ccccc2)CC2(CCN(CCc3ccccc3)CC2)OC12CC2,-0.9542425094393248
COc1ccc2c(c1)CCC(C1CCN(Cc3ccccc3)CC1)C2=O,-0.8450980400142568
CC1OC2(CCN(CCc3ccccc3)CC2)CN(c2cccc(O)c2)C1=O,-1.740362689494244
O=C(O)c1cc(-c2ccc(C3CCNCC3)cc2)cc(-c2cn(-c3ccc(C(F)(F)F)cc3)nn2)c1,-3.170261715394957
CCC1c2ccc3ccccc3c2OCC1(C)N,-3.500000321342936
OC1CN(CCCc2ccccc2)CCc2ccccc21,-3.342422680822206
COc1ccccc1CC(=O)N(C)CCN1CCCC1,-3.737192642704737
CC1OC2(CCN(CCc3ccccc3)CC2)CN(c2cccnc2)C1=O,-1.8325089127062364
O=S(=O)(c1ccccc1)n1cc(CCCCN2CCC3(CC2)OCc2ccccc23)c2ccccc21,-1.0
CC1OC2(CCN(CCc3cccnc3)CC2)CN(c2ccccc2)C1=O,-1.9590413923210936
CS(=O)(=O)n1cc(CCCCN2CCC3(CC2)OCc2ccccc23)c2ccccc21,-0.1139433523068367
O=C1c2ccc(F)cc2CCC1C1CCN(Cc2ccccc2)CC1,-0.9542425094393248
O=C(Cc1c[nH]c2ccccc12)NC1CCN(Cc2ccccc2)CC1,-1.0374264979406236
COC(=O)C1(c2ccccc2)CC1CN(C)C12CC3CC(CC(C3)C1)C2,-0.3222192947339193
Fc1ccc(N(CCCN2CCN(Cc3ccccc3)CC2)c2ccc(F)cc2)cc1,-1.1172712956557642
CC1OC2(CCN(CCc3ccccc3F)CC2)CN(c2ccccc2)C1=O,-0.9030899869919436
OCCC1CN(CC2CCCCC2)CCN1Cc1ccc2ccccc2c1,-0.8325089127062363
CC1OC2(CCN(CCc3ccccc3)CC2)CN(c2ccc(O)cc2)C1=O,-2.0863598306747484
COCC1OC2(CCN(CCc3ccccc3)CC2)CN(c2ccccc2)C1=O,-1.505149978319906
CC1OC2(CCN(CCc3ccccc3)CC2)CN(c2ccccc2O)C1=O,-1.7075701760979365
CC1OC2(CCN(CCc3ccccc3)CC2)CN(c2ccccc2Cl)C1=O,-0.9030899869919436
COc1cccc2c1CCCC2N1CCN(C2CCCCC2)CC1,0.3979400086720376
O=C1CC(CN2CCC(Cc3ccccc3)CC2)Oc2ccccc21,-0.667452952889954
CC1(C)OC2(CCN(CCc3ccccc3)CC2)CN(c2ccccc2)C1=O,-1.1139433523068367
N=C(NCCCOc1ccc(F)cc1)Nc1ccc(Cl)cc1,-1.57978359661681
COc1ccc(NC(=N)NCCCOc2ccc(F)cc2)cc1,-1.1258064581395268
CN(C)C(=O)CC1OC2(CCN(CCc3ccccc3)CC2)CN(c2ccccc2)C1=O,-2.439332693830263
COC(=O)CC1OC2(CCN(CCc3ccccc3)CC2)CN(c2ccccc2)C1=O,-1.7323937598229686
O=C(Cc1ccc(F)cc1F)NC1CCN(Cc2ccccc2)CC1,-0.5877109650189114
CSc1ccc(NC(=O)NC2CCN(Cc3ccccc3)CC2)cc1,-1.8055008581584
O=C(Cc1ccccc1[N+](=O)[O-])NC1CCN(Cc2ccccc2)CC1,-1.429752280002408
CC(C)C1OC2(CCN(CCc3ccccc3)CC2)CN(c2ccccc2)C1=O,-1.0
O=C(Cc1cc(F)ccc1F)NC1CCN(Cc2ccccc2)CC1,-0.6242820958356683
O=C(Cc1c[nH]cn1)NC1CCN(Cc2ccccc2)CC1,-2.3950816511739457
COc1ccccc1CCN1CCN(C(=O)Cc2ccccc2OC)CC1,-3.1658376246901283
O=C(Cc1cccc([N+](=O)[O-])c1)NC1CCN(Cc2ccccc2)CC1,-0.6589648426644349
Fc1ccccc1N1CCN(CCCn2ccc3ccccc32)CC1,-3.17376882313665
COc1ccccc1N1CC2(CCN(CCc3ccccc3)CC2)OC(C)C1=O,-1.57978359661681
O=C(Cc1ccccc1)NC1CCN(Cc2ccc3c(c2)OCO3)CC1,-0.5987905067631151
CC1OC2(CCN(CCc3cccc(C#N)c3)CC2)CN(c2ccccc2)C1=O,-1.4471580313422192
O=C(Cc1ccccc1C(F)(F)F)NC1CCN(Cc2ccccc2)CC1,-0.9395192526186184
COc1cc(CC(=O)NC2CCN(Cc3ccccc3)CC2)cc(OC)c1,-2.08278537031645
O=C(Cc1ccc(Cl)cc1Cl)NC1CCN(Cc2ccccc2)CC1,-0.9849771264154934
O=C(CSc1ncccn1)NC1CCN(Cc2ccccc2)CC1,-2.175627764367181
O=C(Cc1ccc([N+](=O)[O-])cc1)NC1CCN(Cc2ccccc2)CC1,-1.255272505103306
COc1ccccc1CC(=O)NC1CCN(Cc2ccccc2)CC1,-1.4885507165004443
O=C(Cc1ccccc1)NC1CCN(Cc2ccc([N+](=O)[O-])cc2)CC1,-1.2803506930460056
CC(Cc1ccc(Br)cc1)NCCCc1ccccc1,-1.0170333392987805
COc1cc2c(cc1OC)C(=O)C(CC1CCN(Cc3ccccc3)CC1)C2,-1.1643528557844371
O=C(Cc1cccc(C(F)(F)F)c1)NC1CCN(Cc2ccccc2)CC1,-0.5932860670204572
Cn1c(=O)sc2cc(CCCCN3CCC(c4ccccc4)CC3)ccc21,-0.4771212547196624
O=C(Cc1ccc(C(F)(F)F)cc1)NC1CCN(Cc2ccccc2)CC1,-0.9929950984313416
COc1ccc(CC(=O)NC2CCN(Cc3ccccc3)CC2)cc1,-1.8221680793680173
C1=C(CCCN2CCN(Cc3ccccc3)CC2)c2ccccc2CC1,-1.8195439355418688
CSc1ccc(CC(=O)NC2CCN(Cc3ccccc3)CC2)cc1,-1.4329692908744058
O=C(Cc1ccccc1)NC1CCN(Cc2ccc(C(F)(F)F)cc2)CC1,-1.93976877545335
c1ccc(CCCCN2CCC(Cc3ccccc3)CC2)cc1,0.024568191490737
CCC1OC2(CCN(CCc3ccccc3)CC2)CN(c2ccccc2)C1=O,-0.7781512503836436
O=C(Cc1ccccc1)NC1CCN(Cc2ccccc2F)CC1,-1.0068937079479006
O=C(Cc1ccc(O)c(Cl)c1)NC1CCN(Cc2ccccc2)CC1,-1.376576957056512
CCCCN1CCN(Cc2ccc(-c3ccccc3)cc2)C(CCO)C1,-2.667452952889954
O=C(Cc1ccccc1)NC1CCN(Cc2ccccc2I)CC1,-2.54020429984206
CN(CCc1cccc(I)c1)CCN1CCCC1,-0.3979400086720376
COc1cccc(CC(=O)NC2CCN(Cc3ccccc3)CC2)c1,-1.021189299069938
O=C1C(COCc2ccccc2)OC2(CCN(CCc3ccccc3)CC2)CN1c1ccccc1,-1.6020599913279625
O=C(c1ccc(C(F)(F)F)cc1)N1CCN(Cc2ccccc2)CC1,-2.9614210940664485
c1ccc(CC2CCN(CC3CCc4ccccc4O3)CC2)cc1,-0.9138138523837168
O=C1c2ccccc2CC1CN1CCC(Cc2ccccc2)CC1,-3.205745540942662
O=C(Cc1cccnc1)NC1CCN(Cc2ccccc2)CC1,-2.4299943841517067
O=C(Cc1ccsc1)NC1CCN(Cc2ccccc2)CC1,-0.8573324964312685
O=C(Cc1ccccn1)NC1CCN(Cc2ccccc2)CC1,-2.371990911464915
COc1cc(CC(=O)NC2CCN(Cc3ccccc3)CC2)cc(OC)c1OC,-1.9030899869919435
O=C1NC(c2ccccc2)(c2ccccc2)C(=O)N1CCCCCN1CCC(c2ccccc2)CC1,-0.414973347970818
COc1ccc(CC(=O)NC2CCN(Cc3ccccc3)CC2)cc1OC,-2.546542663478131
O=C(Cc1ccc(F)c(F)c1)NC1CCN(Cc2ccccc2)CC1,-0.5010592622177514
COc1ccccc1CCN(C)CCN1CCCC1,-1.1958996524092338
O=C1NC(c2ccccc2)(c2ccccc2)C(=O)N1CCCCCCN1CCC(c2ccccc2)CC1,-0.2540644529143379
O=C(Cc1ccccc1)NC1CCN(Cc2ccc(Cl)c(Cl)c2)CC1,-0.8597385661971468
O=C(Cc1ccccc1)NC1CCN(Cc2ccc(F)c(F)c2)CC1,-0.7993405494535817
OC1(c2ccccc2)CCN(CCCc2ccccc2)CC1,-0.4771212547196624
O=c1c(CN2CCN(Cc3ccccc3)CC2)coc2ccccc12,-0.951823035315912
c1ccc(CC2CCN(CC3COc4ccccc4O3)CC2)cc1,-1.3483048630481609
O=C(Cc1ccccc1)NC1CCN(CCc2ccccc2)CC1,-1.494850021680094
O=C(Cc1ccccc1Br)NC1CCN(Cc2ccccc2)CC1,-0.4608978427565479
O=C(Cc1c(F)cccc1F)NC1CCN(Cc2ccccc2)CC1,-0.7634279935629373
O=C(Cc1cc(F)cc(F)c1)NC1CCN(Cc2ccccc2)CC1,-0.8825245379548805
O=C(Cc1ccccc1F)NC1CCN(Cc2ccccc2)CC1,-0.5538830266438743
CN1CCN(Cc2ccc(-c3ccccc3)cc2)C(CCO)C1,-2.851869600729766
O=C(Cc1ccc2ccccc2c1)NC1CCN(Cc2ccccc2)CC1,-1.7907776013376937
O=C(Cc1ccc(Cl)c(Cl)c1)NC1CCN(Cc2ccccc2)CC1,-0.7176705030022621
O=C(Cc1cccc(F)c1)NC1CCN(Cc2ccccc2)CC1,-0.3891660843645325
O=C(Cc1ccc2c(c1)OCO2)NC1CCN(Cc2ccccc2)CC1,-0.8645110810583918
O=C(Cc1cccc(Br)c1)NC1CCN(Cc2ccccc2)CC1,0.0604807473813814
O=C(Cc1ccccc1)NC1CCN(Cc2ccc3ccccc3c2)CC1,-1.3780343224573317
O=C(Cc1cccc(F)c1)NC1CCN(Cc2ccc(I)cc2)CC1,-0.3521825181113625
O=C(Cc1cccc(Br)c1)NC1CCN(Cc2ccc(I)cc2)CC1,-0.250420002308894
Cn1c(=O)sc2cc(CCN3CCC(c4ccccc4)CC3)ccc21,-1.041392685158225
COc1ccccc1CCN1CCN(CCCc2ccccc2)CC1,-0.5910646070264992
O=C1NC(c2ccccc2)(c2ccccc2)C(=O)N1CCCCN1CCC(c2ccccc2)CC1,-0.9637878273455552
O=C1NC(c2ccccc2)(c2ccccc2)C(=O)N1CCCN1CCC(c2ccccc2)CC1,-1.3710678622717365
CC(Cc1cccc2ccccc12)NCCCc1ccccc1,-1.1287222843384268
CC(Cc1ccccc1)NCCCc1cccc2ccccc12,-0.9344984512435676
c1ccc(CNCCCCCC2CCCCC2)cc1,0.0915149811213502
O=C(Cc1ccncc1)NC1CCN(Cc2ccccc2)CC1,-2.474900685585266
O=C(Cc1ccc(Br)cc1)NC1CCN(Cc2ccccc2)CC1,-0.5987905067631151
O=C(Cc1ccccc1)NC1CCN(Cc2ccc(F)cc2)CC1,-0.8188854145940099
O=C(Cc1ccccc1O)NC1CCN(Cc2ccccc2)CC1,-1.2741578492636798
O=C(Cc1ccc(F)cc1)NC1CCN(Cc2ccccc2)CC1,-0.5352941200427705
O=C1c2ccccc2OCC1CN1CCN(Cc2ccccc2)CC1,-1.404833716619938
COc1ccc2c(c1)CC(CN1CCC(Cc3ccccc3)CC1)CC2,-1.0086001717619175
COc1ccc2c(c1)CCC(CN1CCC(Cc3ccccc3)CC1)C2,-1.3273589343863303
O=C1CC(C2CCN(Cc3ccccc3)CC2)Oc2ccccc21,1.1799956931916822
O=C(Cc1cccc(Cl)c1)NC1CCN(Cc2ccccc2)CC1,-0.146128035678238
O=C(Cc1cccc(O)c1)NC1CCN(Cc2ccccc2)CC1,-2.041392685158225
c1ccc2c(CCCCCN3CCN(C4CCCCC4)CC3)cccc2c1,-0.380211241711606
O=C(Cc1cccc(Cl)c1)NC1CCN(Cc2ccc(I)cc2)CC1,-0.5065050324048721
O=C(Cc1ccccc1)NC1CCN(Cc2cccc(C(F)(F)F)c2)CC1,-2.150326536498708
O=C1OC(CN2CCC(O)(c3ccc4c(c3)OCO4)CC2)CN1c1ccc(OCC2CC2)cc1,-0.3010299956639812
CC1CCN(CCCCC(c2ccccc2)c2ccccc2)CC1,1.0457574905606752
Clc1ccc(CN2CCN(Cc3ccccc3)CC2)c(Cl)c1,-0.8808135922807914
COc1cccc(CN2CCN(Cc3ccccc3)CC2)c1,0.4089353929735008
Cn1ncc2c1CCCC2CCN1CCC(c2ccccc2)CC1,-0.8450980400142568
Nc1ccc(CC(=O)NC2CCN(Cc3ccccc3)CC2)cc1,-2.672097857935717
O=C(Cc1ccccc1Cl)NC1CCN(Cc2ccccc2)CC1,-0.4885507165004442
O=C(Cc1ccc(O)cc1)NC1CCN(Cc2ccccc2)CC1,-2.457124626303409
O=C(Cc1c(Cl)cccc1Cl)NC1CCN(Cc2ccccc2)CC1,-0.8621313793130372
c1ccc2c(CCCCN3CCN(C4CCCCC4)CC3)cccc2c1,0.6575773191777937
O=C(NC1CCN(Cc2ccccc2)CC1)c1ccccc1I,-0.2148438480476978
c1ccc2c(CCCN3CCN(C4CCCCC4)CC3)cccc2c1,-0.3344537511509309
O=C1CCc2ccccc2C12CCN(CCc1ccccc1)CC2,-1.1139433523068367
O=C1CC(CN2CCC(Cc3ccccc3)CC2)Cc2ccccc21,-0.4792873164761701
CC1CCN(CCCC(c2ccccc2)c2ccccc2)CC1,-0.041392685158225
COc1c(C(=O)NC2CCN(C3CCCC3)CC2)cc(Br)c2ccccc12,-0.0791812460476248
O=C1c2ccccc2CCC1CN1CCN(Cc2ccccc2)CC1,0.0457574905606751
c1ccc(CC2CCN(CC3COc4ccccc4C3)CC2)cc1,-0.6273658565927327
O=C(Nc1cccc2ccccc12)NC1CCN(Cc2ccccc2)CC1,-1.3552599055273784
O=c1cc(CN2CCN(Cc3ccccc3)CC2)oc2ccccc12,-0.6026025204202564
O=C1CC(C2CCN(Cc3ccccc3)CC2)Sc2ccccc21,1.2800061736323962
CC(=O)Nc1ccc(CCN2CCC3(CC2)CN(c2ccccc2)C(=O)C(C)O3)cc1,-2.374748346010104
O=C(Cc1ccccc1)NC1CCN(Cc2cccc(F)c2)CC1,-0.9148718175400504
COc1ccc(CN2CCN(Cc3ccccc3)C(CO)C2)cc1,-1.0791812460476249
O=C(c1ccccc1)N1CCNCC1,-4.0553783313750005
c1ccc(CC2CCN(CC3CCCc4ccccc4C3)CC2)cc1,-1.57978359661681
Clc1ccc(CN2CCN(Cc3ccccc3)CC2)cc1Cl,0.2365720064370627
COc1ccc(CN2CCN(Cc3ccccc3)CC2)cc1,0.3279021420642826
COc1c(C(=O)NC2CCN(C3CCCCCC3)CC2)cc(Br)c2ccccc12,-0.041392685158225
COc1c(C(=O)NC2CCN(C3CCCCC3)CC2)cc(Br)c2ccccc12,-0.041392685158225
COc1ccc2c(c1)C1CCCN(Cc3ccccc3)C1CC2,-0.6989700043360189
O=C(Cc1cccs1)NC1CCN(Cc2ccccc2)CC1,-0.5943925503754267
O=C(NC1CCN(Cc2ccccc2)CC1)c1ccc(I)cc1,-0.2304489213782739
O=C(Cc1ccc(I)cc1)NC1CCN(Cc2ccccc2)CC1,-1.1405080430381795
O=C(Cc1ccccc1)NC1CCN(Cc2ccc(I)cc2)CC1,-0.9556877503135056
O=C1CC(CN2CCN(Cc3ccccc3)CC2)Oc2ccccc21,-0.4734869700645684
CCCCN1CCN(Cc2ccccc2)C(CCO)C1,-2.4456042032735974
c1ccc(CN2CCN(CC3COc4ccccc4O3)CC2)cc1,-1.3117538610557542
O=C(Cc1ccc(Cl)cc1)NC1CCN(Cc2ccccc2)CC1,-0.8102325179950841
Clc1cccc(CN2CCN(Cc3ccccc3)CC2)c1,0.3372421683184259
Clc1ccccc1CN1CCN(Cc2ccccc2)CC1,-0.724275869600789
c1ccc(CC2CCN(CC3CCc4ccccc4C3)CC2)cc1,-0.3031960574204888
O=C(Cc1ccccc1)NC1CCN(Cc2ccccc2)CC1,-0.5910646070264992
O=C1CC(CN2CCN(Cc3ccccc3)CC2)Cc2ccccc21,0.024568191490737
COc1ccc2c(c1)C13CCCCC1C(C2)N(C)CC3,-2.5415792439465807
OC1CCc2ccccc2C12CCN(CCc1ccccc1)CC2,-2.2405492482825995
OCCC1CN(CCc2ccccc2)CCN1Cc1ccccc1,-1.6127838567197357
O=C(O)c1ccc(CCN2CCN(CC=Cc3ccc(Cl)cc3)CC2)cc1,-2.832508912706236
Clc1ccc(N2CCNCC2)cc1,-3.060697840353612
CC(C)CCN1CCN(Cc2ccccc2)C(CCO)C1,-2.0293837776852097
O=C1CC2(CCN(Cc3ccccc3)CC2)Oc2ccccc21,0.6800615600196914
FC(F)(F)c1cccc(N2CCNCC2)c1,-3.127104798364808
COc1ccccc1N1CCN(Cc2cnc3c4ccccc4nc(O)n23)CC1,-3.81424759573192
c1ccc(CN2CCN(CC3CCc4ccccc4C3)CC2)cc1,-0.0969100130080564
COc1ccccc1N1CCN(Cc2cn3c(O)nc4ccccc4c3n2)CC1,-2.8709888137605755
COc1ccccc1CCN1CCN(CCc2ccccc2OC)CC1,-2.161368002234975
OC1CN(Cc2ccccc2)CCc2ccccc21,-1.4913616938342726
c1ccc(CN2CCC(C3CCc4ccccc4S3)CC2)cc1,1.2400301424456928
c1ccc(CN2CCN(CC3CCc4ccccc4O3)CC2)cc1,-0.220108088040055
O=C1COC2(CCN(Cc3ccccc3)CC2)CN1c1ccccc1,-1.414973347970818
O=S1(=O)c2ccccc2CCC12CCN(Cc1ccccc1)CC2,-1.3010299956639813
c1ccc(CN2CCN(CC3COc4ccccc4C3)CC2)cc1,0.0506099933550872
c1ccc(CC2CCN(CC3Cc4ccccc4C3)CC2)cc1,-0.8325089127062363
O=C1c2ccccc2CCC12CCN(Cc1ccccc1)CC2,-0.146128035678238
c1ccc(CCCCCN2CCC(c3ccccc3)CC2)cc1,0.0457574905606751
O=C1C(CO)OC2(CCN(CCc3ccccc3)CC2)CN1c1ccccc1,-2.320146286111054
c1ccc(CCCCN2CCC(c3ccccc3)CC2)cc1,0.0457574905606751
O=C(Cc1cccc(Br)c1)NC1CCN(Cc2cccc(I)c2)CC1,-0.5428254269591799
O=C(Cc1cccc(F)c1)NC1CCN(Cc2cccc(I)c2)CC1,-0.6324572921847242
c1ccc(CN2CCC3(CCc4ccccc4S3)CC2)cc1,0.2640818834687029
O=C(Cc1cccc(Cl)c1)NC1CCN(Cc2cccc(I)c2)CC1,-0.3636119798921443
O=C(Cc1cccc2ccccc12)NC1CCN(Cc2ccccc2)CC1,-0.6665179805548809
Clc1cccc(N2CCNCC2)c1,-3.788875115775417
c1ccc(CCCN2CCC(c3ccccc3)CC2)cc1,-0.041392685158225
O=C(Cc1ccccc1F)NC1CCN(Cc2cccc(I)c2)CC1,-1.1878026387184193
Clc1ccc(CN2CCN(Cc3ccccc3)CC2)cc1,-0.146128035678238
c1ccc(CN2CCNCC2)cc1,-4.020361282647708
c1ccc(CN2CCC3(CC2)OCc2ccccc2S3)cc1,1.0499760934766735
CCCCN1CCC2(CCCc3ccccc32)CC1,0.2218487496163563
c1ccc(CN2CCC3(CC2)OCc2ccccc2O3)cc1,1.010016541698601
O=C(CCCN1CCC2(CCc3ccccc32)CC1)c1ccc(F)cc1,-0.255272505103306
O=C(NC1CCN(Cc2ccccc2)CC1)c1cccc(I)c1,-0.4800069429571506
c1ccc(CCCOCC2CCN(Cc3ccccc3)CC2)cc1,-1.4313637641589874
N=C(NCc1ccccc1)NCc1ccccc1,-1.4424797690644486
c1ccc(CN2CCC3(CCc4ccccc4C3)CC2)cc1,0.3600157519584114
c1ccc(CN2CCN(Cc3ccccc3)CC2)cc1,-0.7641761323903307
COc1ccccc1N1CCN(CC2CN3C(=O)Nc4ccccc4C3=N2)CC1,-3.6020599913279625
O=[N+]([O-])c1ccc(OCC2CCN(Cc3ccc(F)cc3)CC2)cc1,-0.0791812460476248
O[S+]1c2ccccc2CCC12CCN(Cc1ccccc1)CC2,-1.3979400086720375
CN1CC2(CCN(CCCC(=O)c3ccc(F)cc3)CC2)c2ccccc21,-2.04296907339318
N=C(NCCCOc1ccc(F)cc1)Nc1ccc(I)cc1,-1.6635124704151556
c1ccc(CN2CCC3(CCc4ccccc4O3)CC2)cc1,0.2088007535011246
c1ccc(CN2CCC3(CCCc4ccccc43)CC2)cc1,-0.380211241711606
C(COCC1CCN(Cc2ccccc2)CC1)=C(c1ccccc1)c1ccccc1,-1.3424226808222062
C(C=Cc1ccccc1)=COCC1CCN(Cc2ccccc2)CC1,-2.326335860928752
O=C(Cc1ccccc1)NC1CCN(Cc2cccc(I)c2)CC1,-0.829303772831025
CCC1c2ccccc2N(c2ccccc2)CC1(C)N,-2.500003068051693
C(#Cc1ccccc1)COC1CCN(CCc2ccccc2)CC1,-0.6020599913279624
Ic1ccc(CN2CCC3(CC2)OCc2ccccc23)cc1,-0.4393326938302626
c1ccc(N2CCNCC2)cc1,-4.058426024457005
COc1ccc(N2CCNCC2)cc1,-3.767155866082181
c1ccc2cc(N3CCNCC3)ccc2c1,-2.740362689494244
CN(Cc1ccc(C(C)(C)C)cc1)Cc1cccc2ccccc12,-3.2205003456147296
C1=Cc2ccccc2C2(CCN(Cc3ccccc3)CC2)O1,-0.271841606536499
O=C(CCC1CCN(Cc2ccccc2)CC1)c1ccc2[nH]ccc2c1,-0.5185139398778874
O=C1OC2(CCN(Cc3ccccc3)CC2)c2ccccc21,-1.3283796034387378
O=C1Cc2ccccc2C2(CCN(Cc3ccccc3)CC2)O1,-1.4668676203541096
OC1Cc2ccccc2C2(CCN(CCCc3ccccc3)CC2)O1,-1.0934216851622351
c1ccc(CN2CCC3(CC2)OCCc2ccccc23)cc1,0.1611509092627447
C(#Cc1ccccc1)COCC1CCN(Cc2ccccc2)CC1,-0.6020599913279624
c1ccc(CN2CCC3(CC2)OCCc2sccc23)cc1,-0.3222192947339193
OC1Cc2ccccc2C2(CCN(CCc3ccccc3)CC2)O1,-1.640481436970422
CC12COc3ccc(-c4ccccc4)cc3C1CCN2,-1.1000257301078626
CCOC(=O)C1OC2(CCN(Cc3ccccc3)CC2)c2ccccc21,-0.951823035315912
FC(F)(F)c1ccc(C=CCOCC2CCN(Cc3ccccc3)CC2)cc1,-1.4471580313422192
CCOC(=O)C1Cc2ccccc2C2(CCN(Cc3ccccc3)CC2)O1,-0.9698816437465
O=C(NCCN1CCN(Cc2ccc(Cl)c(Cl)c2)CC1)C1CC1c1ccccc1,-1.0
COc1ccc2c(c1)C1CCNC1(C)CO2,-2.099991233544684
O=C(C1CC1c1ccccc1)N1CCN(c2ccccc2)CC1,-3.100001582801352
COc1cc(N)c(Cl)cc1C(=O)CCC1CCN(CC2CCCCC2)CC1,-1.7075701760979365
O=C(NCCN1CCCC1)C1CC1c1ccccc1,-1.8000293592441343
O=C(NCCN1CCN(Cc2ccccc2)CC1)C1CC1c1ccccc1,-1.2000292665537704
Fc1ccc(C=CCOCC2CCN(Cc3ccccc3)CC2)cc1,-1.0791812460476249
Fc1ccc(C#CCOCCC2CCN(CCc3ccccc3)CC2)cc1,-0.3010299956639812
O=[N+]([O-])c1ccc(OCC2CCN(CC3CC3)CC2)cc1,-1.1139433523068367
COC1OC2(CCN(Cc3ccccc3)CC2)c2ccccc21,-0.0569048513364725
CCOC(=O)CC1Cc2ccccc2C2(CCN(Cc3ccccc3)CC2)O1,-2.2624510897304293
OC(Cc1ccc(Br)cc1)CN1CCC2(CCc3ccccc32)CC1,-0.9294189257142929
CCOC(=O)CC1OC2(CCN(Cc3ccccc3)CC2)c2ccccc21,-1.1789769472931697
Fc1ccc(CCN2CCC(CCOCC#Cc3ccccc3)CC2)cc1,-1.255272505103306
CNC(=O)CC1Cc2ccccc2C2(CCN(Cc3ccccc3)CC2)O1,-2.230448921378274
COC1Cc2ccccc2C2(CCN(CCCCc3ccccc3)CC2)O1,-1.0086001717619175
O=C(NCCCN1CCN(Cc2c(F)cccc2Cl)CC1)C1CC1c1ccccc1,-1.4000196350651586
C(=Cc1ccccc1)COCC1CCN(CCCc2ccccc2)CC1,-1.255272505103306
COC1Cc2ccccc2C2(CCN(CCCc3ccccc3)CC2)O1,-0.3159703454569177
C(=Cc1ccccc1)COCC1CCN(CCc2ccccc2)CC1,-0.6989700043360189
OC1CCN(Cc2ccc(F)cc2)CC1N1CCC(c2ccccc2)CC1,-1.334453751150931
O=CCC1Cc2ccccc2C2(CCN(Cc3ccccc3)CC2)O1,-1.741151598851785
OC1CCN(Cc2ccc(F)cc2)CC1N1CCC2(CCc3ccccc32)CC1,-1.3979400086720375
COC1Cc2ccccc2C2(CCN(CCc3ccccc3)CC2)O1,-0.8221680793680175
OC1OC2(CCN(Cc3ccccc3)CC2)c2ccccc21,-0.865103974641128
OC1Cc2ccccc2C2(CCN(Cc3ccccc3)CC2)O1,-0.3364597338485295
C(#Cc1ccccc1)COCCC1CCN(CCc2ccccc2)CC1,-0.8450980400142568
CNCCC1Cc2ccccc2C2(CCN(Cc3ccccc3)CC2)O1,-2.170261715394957
CCC1Cc2ccccc2C2(CCN(Cc3ccccc3)CC2)O1,-1.0681858617461617
O=C(NCCN1CCN(Cc2c(F)cccc2Cl)CC1)C1CC1c1ccccc1,-1.4000196350651586
COC1Cc2ccccc2C2(CCN(Cc3ccccc3)CC2)O1,-0.1105897102992489
FCCC1OC2(CCN(Cc3ccccc3)CC2)c2ccccc21,0.2291479883578558
CCOC1Cc2ccccc2C2(CCN(Cc3ccccc3)CC2)O1,-0.7656685547590141
OCC1Cc2ccccc2C2(CCN(Cc3ccccc3)CC2)O1,-0.8549130223078556
